-- phpMyAdmin SQL Dump
-- version 4.7.9
-- https://www.phpmyadmin.net/
--
-- Servidor: localhost
-- Tiempo de generación: 14-05-2018 a las 12:15:32
-- Versión del servidor: 10.1.31-MariaDB
-- Versión de PHP: 7.2.3

SET SQL_MODE = "NO_AUTO_VALUE_ON_ZERO";
SET AUTOCOMMIT = 0;
START TRANSACTION;
SET time_zone = "+00:00";


/*!40101 SET @OLD_CHARACTER_SET_CLIENT=@@CHARACTER_SET_CLIENT */;
/*!40101 SET @OLD_CHARACTER_SET_RESULTS=@@CHARACTER_SET_RESULTS */;
/*!40101 SET @OLD_COLLATION_CONNECTION=@@COLLATION_CONNECTION */;
/*!40101 SET NAMES utf8mb4 */;

--
-- Base de datos: `acruz`
--

-- --------------------------------------------------------

--
-- Estructura de tabla para la tabla `anuario_asignacionactivo`
--

CREATE TABLE `anuario_asignacionactivo` (
  `bindex_id` int(11) NOT NULL,
  `red_bono` double NOT NULL,
  `red_efectivo` double NOT NULL,
  `red_convertible` double NOT NULL,
  `red_preferida` double NOT NULL,
  `red_acciones` double NOT NULL,
  `red_otra` double NOT NULL,
  `portafolio_fecha` date NOT NULL
) ENGINE=InnoDB DEFAULT CHARSET=utf8 COLLATE=utf8_unicode_ci;

-- --------------------------------------------------------

--
-- Estructura de tabla para la tabla `anuario_bindex`
--

CREATE TABLE `anuario_bindex` (
  `id` int(11) NOT NULL,
  `morningstar_id` varchar(15) COLLATE utf8_unicode_ci NOT NULL
) ENGINE=InnoDB DEFAULT CHARSET=utf8 COLLATE=utf8_unicode_ci;

--
-- Volcado de datos para la tabla `anuario_bindex`
--

INSERT INTO `anuario_bindex` (`id`, `morningstar_id`) VALUES
(1, 'F00000VHZN'),
(2, 'F00000V420'),
(3, 'F00000O3TS'),
(4, 'F00000MSZ3'),
(5, 'F00000MSZ1'),
(6, 'F000003TI8'),
(7, 'F000002YVD'),
(8, 'F000002YV0'),
(9, 'F000002YUY'),
(10, 'F000002YUU'),
(11, 'F00000NJC5'),
(12, 'F00000HHRI'),
(13, 'F00000HHRG'),
(14, 'F000003TGB'),
(15, 'F000003TGA'),
(16, 'F000003TG3'),
(17, 'F000003TG2'),
(18, 'F000003TG0'),
(19, 'F000003TFR'),
(20, 'F000002YTF'),
(21, 'F00000NJC4'),
(22, 'F00000NJC3'),
(23, 'F00000NJC2'),
(24, 'F000003TG8'),
(25, 'F000003TG1'),
(26, 'F000003TFZ'),
(27, 'F000003TFX'),
(28, 'F000003TFW'),
(29, 'F000003TFV'),
(30, 'F000003TFU'),
(31, 'F00000V44J'),
(32, 'F00000V44H'),
(33, 'F000005MRS'),
(34, 'F000005MRR'),
(35, 'F000005MRP'),
(36, 'F000003TFG'),
(37, 'F000003TFF'),
(38, 'F000003TFE'),
(39, 'F000003TFD'),
(40, 'F000003TEZ'),
(41, 'F00000V44I'),
(42, 'F00000PU0Z'),
(43, 'F00000PU0Y'),
(44, 'F000003TFH'),
(45, 'F000003TF1'),
(46, 'F000003TF0'),
(47, 'F000002YRX'),
(48, 'F000002YRW'),
(49, 'F000002YRV'),
(50, 'F000002YRS'),
(51, 'F00000QHUF'),
(52, 'F00000QHUE'),
(53, 'F00000QHUD'),
(54, 'F00000QHUC'),
(55, 'F00000QHUB'),
(56, 'F00000QHUA'),
(57, 'F00000JQ1Y'),
(58, 'F00000JQ1X'),
(59, 'F00000JQ1W'),
(60, 'F00000JQ1V'),
(61, 'F00000UM2E'),
(62, 'F00000PVIH'),
(63, 'F00000NGR5'),
(64, 'F00000NGR4'),
(65, 'F00000NGR2'),
(66, 'F00000MI7Y'),
(67, 'F00000MI7W'),
(68, 'F00000MI7V'),
(69, 'F00000MHW4'),
(70, 'F00000MHVZ'),
(71, 'F00000VXCJ'),
(72, 'F00000VXCH'),
(73, 'F00000VXCG'),
(74, 'F00000VBY9'),
(75, 'F00000VBY6'),
(76, 'F00000VBY4'),
(77, 'F00000MI7Q'),
(78, 'F00000MI7P'),
(79, 'F00000MI7O'),
(80, 'F00000MHW3'),
(81, 'F00000VXCK'),
(82, 'F00000VBYB'),
(83, 'F00000VBYA'),
(84, 'F00000VBY8'),
(85, 'F00000VBY7'),
(86, 'F00000O9VG'),
(87, 'F00000O9VF'),
(88, 'F00000O9VE'),
(89, 'F00000O9VD'),
(90, 'F00000J7A5'),
(91, 'F00000Y6Y7'),
(92, 'F00000XMHS'),
(93, 'F00000XMHR'),
(94, 'F00000XMHQ'),
(95, 'F00000O9VC'),
(96, 'F00000JPQR'),
(97, 'F00000JPQQ'),
(98, 'F00000JPQP'),
(99, 'F00000JPQO'),
(100, 'F00000JPQN'),
(101, 'F00000YFED'),
(102, 'F00000X2DC'),
(103, 'F00000X2DB'),
(104, 'F00000X2DA'),
(105, 'F00000WM8I'),
(106, 'F00000WM8H'),
(107, 'F00000VITH'),
(108, 'F000002YYZ'),
(109, 'F000002YYY'),
(110, 'F000002YYX'),
(111, 'F00000YO7C'),
(112, 'F00000YO7A'),
(113, 'F00000YFEC'),
(114, 'F00000XKS8'),
(115, 'F00000LZ1B'),
(116, 'F00000JWQQ'),
(117, 'F00000JWQP'),
(118, 'F00000JWQO'),
(119, 'F00000JWQK'),
(120, 'F00000JWQJ'),
(121, 'F00000ZMR4'),
(122, 'F00000ZMR3'),
(123, 'F00000ZMR2'),
(124, 'F00000ZMR0'),
(125, 'F00000ZMQZ'),
(126, 'F00000YFH8'),
(127, 'F00000YFH4'),
(128, 'F00000VRFS'),
(129, 'F00000GVXI'),
(130, 'F0000045NM'),
(131, 'F00000YFHH'),
(132, 'F00000YFHF'),
(133, 'F00000YFHE'),
(134, 'F00000YFHD'),
(135, 'F00000YFHC'),
(136, 'F00000YFHB'),
(137, 'F00000YFHA'),
(138, 'F00000YFH9'),
(139, 'F00000YFH7'),
(140, 'F00000YFH5'),
(141, 'F00000YFHP'),
(142, 'F00000YFHO'),
(143, 'F00000YFHN'),
(144, 'F00000YFHM'),
(145, 'F00000YFHK'),
(146, 'F00000YFHJ'),
(147, 'F00000YFHI'),
(148, 'F00000X2D9'),
(149, 'F00000V4NC'),
(150, 'F00000V4NB'),
(151, 'F00000NJ24'),
(152, 'F00000LY5F'),
(153, 'F0000040LM'),
(154, 'F0000040LK'),
(155, 'F0000040LJ'),
(156, 'F000003T60'),
(157, 'F000003T5T'),
(158, 'F000003T5Q'),
(159, 'F000003T5O'),
(160, 'F000003T5N'),
(161, 'F00000NJ23'),
(162, 'F00000NJ20'),
(163, 'F00000LY5E'),
(164, 'F00000LY5B'),
(165, 'F0000040LQ'),
(166, 'F0000040LP'),
(167, 'F000003T66'),
(168, 'F000003T65'),
(169, 'F000003T5U'),
(170, 'F000003T5R'),
(171, 'F00000NJ21'),
(172, 'F00000LY5C'),
(173, 'F00000LY5A'),
(174, 'F0000040LO'),
(175, 'F0000040LN'),
(176, 'F000003T69'),
(177, 'F000003T64'),
(178, 'F000003T63'),
(179, 'F000003T5X'),
(180, 'F000003T5S'),
(181, 'F00000YMMV'),
(182, 'F00000YMMU'),
(183, 'F00000LY59'),
(184, 'F00000LY58'),
(185, 'F0000040LR'),
(186, 'F000003T68'),
(187, 'F000003T67'),
(188, 'F000003T5Y'),
(189, 'F000003T5V'),
(190, 'F000003T5A'),
(191, 'F00000YMMW'),
(192, 'F00000YMMT'),
(193, 'F00000LY57'),
(194, 'F00000LY56'),
(195, 'F00000LY55'),
(196, 'F00000LY54'),
(197, 'F00000LY53'),
(198, 'F000003T5D'),
(199, 'F000003T5C'),
(200, 'F000003T5B'),
(201, 'F00000QP5G'),
(202, 'F000005J18'),
(203, 'F000002YY6'),
(204, 'F000002YY3'),
(205, 'F000002YY2'),
(206, 'F000002YXN'),
(207, 'F000002YXM'),
(208, 'F000002YXL'),
(209, 'F000002YXK'),
(210, 'F000002YXH'),
(211, 'F00000QP5I'),
(212, 'F000005J0D'),
(213, 'F000002YY7'),
(214, 'F000002YY5'),
(215, 'F000002YY4'),
(216, 'F000002YXV'),
(217, 'F000002YX9'),
(218, 'F000002YX7'),
(219, 'F000002YWW'),
(220, 'F000002YWV'),
(221, 'F000005J05'),
(222, 'F000005J04'),
(223, 'F000002YXF'),
(224, 'F000002YXE'),
(225, 'F000002YXD'),
(226, 'F000002YX8'),
(227, 'F000002YX1'),
(228, 'F000002YWZ'),
(229, 'F000002YWH'),
(230, 'F000002YWF'),
(231, 'F000002YX6'),
(232, 'F000002YX2'),
(233, 'F000002YX0'),
(234, 'F000002YWU'),
(235, 'F000002YWT'),
(236, 'F000002YWN'),
(237, 'F000002YW6'),
(238, 'F000002YVX'),
(239, 'F000002YVW'),
(240, 'F000002YVU'),
(241, 'F00000VRLJ'),
(242, 'F00000JNYX'),
(243, 'F000002YWE'),
(244, 'F000002YWD'),
(245, 'F000002YWC'),
(246, 'F000002YW7'),
(247, 'F000002YVZ'),
(248, 'F000002YVY'),
(249, 'F000002YVV'),
(250, 'F000002YVH'),
(251, 'F00000PGID'),
(252, 'F00000MX36'),
(253, 'F00000MX35'),
(254, 'F00000MBH3'),
(255, 'F000003T8L'),
(256, 'F000003T83'),
(257, 'F000003T80'),
(258, 'F000003T7O'),
(259, 'F000003T7N'),
(260, 'F000003T7L'),
(261, 'F00000MBH2'),
(262, 'F000003T87'),
(263, 'F000003T86'),
(264, 'F000003T85'),
(265, 'F000003T82'),
(266, 'F000003T81'),
(267, 'F000003T7W'),
(268, 'F000003T7V'),
(269, 'F000003T7U'),
(270, 'F000003T7T'),
(271, 'F00000YQT4'),
(272, 'F00000X0UZ'),
(273, 'F00000X0UX'),
(274, 'F00000X0UW'),
(275, 'F00000X0UV'),
(276, 'F000003T7Y'),
(277, 'F000003T7D'),
(278, 'F000003T7C'),
(279, 'F000003T7B'),
(280, 'F000003T7A'),
(281, 'F00000ZCUY'),
(282, 'F00000ZCUX'),
(283, 'F00000ZCUW'),
(284, 'F00000Q4QK'),
(285, 'F000003T7K'),
(286, 'F000003T7J'),
(287, 'F000003T6N'),
(288, 'F000003T6M'),
(289, 'F000003T6L'),
(290, 'F000003T6K'),
(291, 'F00000VDQT'),
(292, 'F00000VDQS'),
(293, 'F00000VDQR'),
(294, 'F00000Q8YK'),
(295, 'F00000Q8YI'),
(296, 'F00000Q8YH'),
(297, 'F00000Q4QJ'),
(298, 'F00000Q4QI'),
(299, 'F00000Q4QH'),
(300, 'F00000Q4QG'),
(301, 'F00000ZJRK'),
(302, 'F00000ZJRJ'),
(303, 'F00000ZJRI'),
(304, 'F00000ZJRH'),
(305, 'F00000ZJRG'),
(306, 'F00000YTW7'),
(307, 'F00000PF6S'),
(308, 'F00000MI7M'),
(309, 'F00000LO2Y'),
(310, 'F00000LO2X'),
(311, 'F00000YTW9'),
(312, 'F00000YTW8'),
(313, 'F00000MI7N'),
(314, 'F00000MI7L'),
(315, 'F00000MI7H'),
(316, 'F000005OJM'),
(317, 'F000005OJL'),
(318, 'F000005OJK'),
(319, 'F000005OJJ'),
(320, 'F000005OJH'),
(321, 'F00000V6DR'),
(322, 'F00000NL9V'),
(323, 'F00000NL9U'),
(324, 'F00000GY3Y'),
(325, 'F00000GY3X'),
(326, 'F00000GY3W'),
(327, 'F00000GY3R'),
(328, 'F00000GY3Q'),
(329, 'F000005OJO'),
(330, 'F000005OJN'),
(331, 'F00000NL9L'),
(332, 'F00000NL9K'),
(333, 'F00000NL9J'),
(334, 'F00000NL9I'),
(335, 'F00000GY3V'),
(336, 'F00000GY3U'),
(337, 'F00000GY3T'),
(338, 'F00000GY3S'),
(339, 'F00000GY3P'),
(340, 'F00000GY3O'),
(341, 'F00000NL9H'),
(342, 'F00000NL9G'),
(343, 'F00000NL93'),
(344, 'F00000NL92'),
(345, 'F00000NL91'),
(346, 'F00000NL8Z'),
(347, 'F00000GY3J'),
(348, 'F00000GY3I'),
(349, 'F00000GY3H'),
(350, 'F00000GY3G'),
(351, 'F00000WVH3'),
(352, 'F00000WVH0'),
(353, 'F00000WVGS'),
(354, 'F00000WVGR'),
(355, 'F00000V1AR'),
(356, 'F00000O507'),
(357, 'F00000JTOJ'),
(358, 'F00000JTOD'),
(359, 'F00000H0ND'),
(360, 'F0000006MA'),
(361, 'F00000XLEF'),
(362, 'F00000XLEE'),
(363, 'F00000WVH9'),
(364, 'F00000WVH8'),
(365, 'F00000WVGX'),
(366, 'F00000WVGW'),
(367, 'F00000V1AQ'),
(368, 'F00000JTOE'),
(369, 'F00000H0NC'),
(370, 'F00000H0NB'),
(371, 'F00000YXFD'),
(372, 'F00000WVHI'),
(373, 'F00000WVHG'),
(374, 'F00000WVHF'),
(375, 'F00000WVHC'),
(376, 'F00000WVHB'),
(377, 'F00000WVHA'),
(378, 'F00000WVGZ'),
(379, 'F00000VWML'),
(380, 'F00000VWMK'),
(381, 'F00000YXFE'),
(382, 'F00000XD5P'),
(383, 'F00000VWAI'),
(384, 'F00000UPBM'),
(385, 'F00000U2H4'),
(386, 'F00000ONT9'),
(387, 'F00000ONT5'),
(388, 'F00000ONT4'),
(389, 'F00000NFRX'),
(390, 'F0000007AS'),
(391, 'F00000XLSF'),
(392, 'F00000WN94'),
(393, 'F00000WN93'),
(394, 'F00000WN92'),
(395, 'F00000WN91'),
(396, 'F00000WN90'),
(397, 'F00000T3MR'),
(398, 'F00000QTJU'),
(399, 'F00000ONT3'),
(400, 'F0000007AK'),
(401, 'F00000YWNF'),
(402, 'F00000VF5D'),
(403, 'F00000VF5C'),
(404, 'F000005K0G'),
(405, 'F000005K0F'),
(406, 'F000005K0E'),
(407, 'F000005K0B'),
(408, 'F000005K08'),
(409, 'F00000077U'),
(410, 'F00000077H'),
(411, 'F00000XXU6'),
(412, 'F00000XXU5'),
(413, 'F00000XXU4'),
(414, 'F00000XXU3'),
(415, 'F00000XXU2'),
(416, 'F00000XXU1'),
(417, 'F00000XXTY'),
(418, 'F00000XPDQ'),
(419, 'F00000077A'),
(420, 'F000000777'),
(421, 'F00000ZW8J'),
(422, 'F00000ZW8I'),
(423, 'F00000XXTZ'),
(424, 'F00000XXTX'),
(425, 'F00000XXTW'),
(426, 'F00000XPDP'),
(427, 'F00000XPDO'),
(428, 'F000005EXL'),
(429, 'F00000076H'),
(430, 'F00000076G'),
(431, 'F00000ZW8T'),
(432, 'F00000ZW8S'),
(433, 'F00000ZW8R'),
(434, 'F00000ZW8Q'),
(435, 'F00000ZW8K'),
(436, 'F00000ZF88'),
(437, 'F00000XCXU'),
(438, 'F00000NBSP'),
(439, 'F00000076T'),
(440, 'F00000075Y'),
(441, 'F00000YC5V'),
(442, 'F00000XCXT'),
(443, 'F00000WR8J'),
(444, 'F00000WR8I'),
(445, 'F00000WR8H'),
(446, 'F00000NK7J'),
(447, 'F00000NJUP'),
(448, 'F0000006H3'),
(449, 'F0000006GT'),
(450, 'F0000006GD'),
(451, 'F00000XO2F'),
(452, 'F000003T76'),
(453, 'F000003T73'),
(454, 'F000003T72'),
(455, 'F000003T71'),
(456, 'F000003T70'),
(457, 'F000003T6U'),
(458, 'F000003T6R'),
(459, 'F000003T6Q'),
(460, 'F000003T6P'),
(461, 'F00000NJ2L'),
(462, 'F00000NJ2J'),
(463, 'F000003T79'),
(464, 'F000003T78'),
(465, 'F000003T75'),
(466, 'F000003T74'),
(467, 'F000003T6Z'),
(468, 'F000003T6Y'),
(469, 'F000003T6T'),
(470, 'F000003T6S'),
(471, 'F00000NJ2K'),
(472, 'F00000NJ2I'),
(473, 'F00000NJ2H'),
(474, 'F00000NJ2G'),
(475, 'F00000NJ2C'),
(476, 'F000003T6F'),
(477, 'F000003T6E'),
(478, 'F000003T6C'),
(479, 'F000003T6B'),
(480, 'F000003T6A'),
(481, 'F00000NJ2A'),
(482, 'F00000NJ1Y'),
(483, 'F0000040LI'),
(484, 'F0000040LH'),
(485, 'F000003T6J'),
(486, 'F000003T6I'),
(487, 'F000003T6H'),
(488, 'F000003T6G'),
(489, 'F000003T5M'),
(490, 'F000003T5L'),
(491, 'F00000NJ29'),
(492, 'F00000NJ28'),
(493, 'F00000NJ27'),
(494, 'F00000NJ1X'),
(495, 'F0000040LL'),
(496, 'F0000040LG'),
(497, 'F000003T61'),
(498, 'F000003T5P'),
(499, 'F000003T5K'),
(500, 'F000003T5J'),
(501, 'F00000VMGI'),
(502, 'F00000QSB9'),
(503, 'F00000QSB8'),
(504, 'F000003TDK'),
(505, 'F000002YR4'),
(506, 'F000002YR3'),
(507, 'F000002YR2'),
(508, 'F000002YQR'),
(509, 'F000002YQQ'),
(510, 'F000002YQP'),
(511, 'F00000VR0Q'),
(512, 'F000003TE2'),
(513, 'F000003TE0'),
(514, 'F000003TDT'),
(515, 'F000003TDO'),
(516, 'F000003TDN'),
(517, 'F000003TDM'),
(518, 'F000003TDJ'),
(519, 'F000002YR6'),
(520, 'F000002YR5'),
(521, 'F00001042Y'),
(522, 'F00001042W'),
(523, 'F00000YJ7J'),
(524, 'F000005MRO'),
(525, 'F000005MRN'),
(526, 'F000003TF3'),
(527, 'F000003TEY'),
(528, 'F000003TEU'),
(529, 'F000003TET'),
(530, 'F000002YRZ'),
(531, 'F00000YJ7O'),
(532, 'F00000X5RB'),
(533, 'F00000X5RA'),
(534, 'F00000PU11'),
(535, 'F000003TEW'),
(536, 'F000003TEV'),
(537, 'F000003TDZ'),
(538, 'F000003TDY'),
(539, 'F000002YRH'),
(540, 'F000002YRG'),
(541, 'F00000YJ7P'),
(542, 'F00000X5RF'),
(543, 'F00000X5RD'),
(544, 'F00000X5RC'),
(545, 'F000003TEI'),
(546, 'F000003TEH'),
(547, 'F000003TEF'),
(548, 'F000002YS1'),
(549, 'F000002YRL'),
(550, 'F000002YRK'),
(551, 'F00001013O'),
(552, 'F00001013N'),
(553, 'F00001013M'),
(554, 'F00001013L'),
(555, 'F00001013K'),
(556, 'F00001013J'),
(557, 'F000005FOC'),
(558, 'F000003YWD'),
(559, 'F000003YWC'),
(560, 'F000003YWB'),
(561, 'F00000YXMF'),
(562, 'F00000Y6FR'),
(563, 'F00000XQBU'),
(564, 'F00000XQBT'),
(565, 'F00000VFSU'),
(566, 'F00000VFST'),
(567, 'F00000VFSS'),
(568, 'F00000VBH3'),
(569, 'F00000OJDG'),
(570, 'F000005FOA'),
(571, 'F00000ZO67'),
(572, 'F00000ZO66'),
(573, 'F00000ZO65'),
(574, 'F00000ZO64'),
(575, 'F00000ZO63'),
(576, 'F00000ZO62'),
(577, 'F00000ZO61'),
(578, 'F00000ZO60'),
(579, 'F00000YTBK'),
(580, 'F00000PIBJ'),
(581, 'F00000ZO6F'),
(582, 'F00000ZO6E'),
(583, 'F00000ZO6D'),
(584, 'F00000ZO6C'),
(585, 'F00000ZO6B'),
(586, 'F00000ZO6A'),
(587, 'F00000ZO69'),
(588, 'F00000ZO68'),
(589, 'F00000VFUK'),
(590, 'F00000TQQ7'),
(591, 'F00000YGK0'),
(592, 'F000003YX7'),
(593, 'F000003YWV'),
(594, 'F000003YWU'),
(595, 'F000003YWT'),
(596, 'F000003YWS'),
(597, 'F000003YWR'),
(598, 'F000003YWP'),
(599, 'F000003YWO'),
(600, 'F000003YWN'),
(601, 'F00000YF37'),
(602, 'F00000YF36'),
(603, 'F00000YF32'),
(604, 'F00000YF31'),
(605, 'F00000YF30'),
(606, 'F00000YF2V'),
(607, 'F00000YF2U'),
(608, 'F00000YF2T'),
(609, 'F00000OHWX'),
(610, 'F000002YOB'),
(611, 'F00000YF39'),
(612, 'F00000YF34'),
(613, 'F00000YF2Z'),
(614, 'F00000YF2Y'),
(615, 'F00000YF2S'),
(616, 'F00000OHWW'),
(617, 'F00000OHWV'),
(618, 'F00000OHWU'),
(619, 'F00000OHWT'),
(620, 'F000002YOL'),
(621, 'F00000YF3C'),
(622, 'F00000YF3B'),
(623, 'F00000YF3A'),
(624, 'F00000YF38'),
(625, 'F00000YF2W'),
(626, 'F000003TAJ'),
(627, 'F000003TAH'),
(628, 'F000003TAG'),
(629, 'F000003TAF'),
(630, 'F000002YOK'),
(631, 'F00000YF3F'),
(632, 'F00000YF3E'),
(633, 'F00000YF3D'),
(634, 'F0000040X5'),
(635, 'F0000040X4'),
(636, 'F000003TAE'),
(637, 'F000003TA8'),
(638, 'F000003TA7'),
(639, 'F000002YNC'),
(640, 'F000002YNB'),
(641, 'F000003TAB'),
(642, 'F00000NBSM'),
(643, 'F000005O3P'),
(644, 'F000005O3O'),
(645, 'F000005O3N'),
(646, 'F000005O3J'),
(647, 'F000005O3I'),
(648, 'F000005O3H'),
(649, 'F000005O3G'),
(650, 'F000000748'),
(651, 'F00000073Y'),
(652, 'F0000104TZ'),
(653, 'F0000104TY'),
(654, 'F0000104TX'),
(655, 'F0000104TW'),
(656, 'F0000104TV'),
(657, 'F00000ZIRO'),
(658, 'F00000NBSN'),
(659, 'F00000H4IP'),
(660, 'F00000076D'),
(661, 'F00000075E'),
(662, 'F0000104U0'),
(663, 'F00000ZIRQ'),
(664, 'F00000ZIRP'),
(665, 'F00000ZIRL'),
(666, 'F00000ZIRK'),
(667, 'F00000ZIRJ'),
(668, 'F00000ZEK1'),
(669, 'F00000V4UI'),
(670, 'F000003Z0U'),
(671, 'F000003YP3'),
(672, 'F00000O0L5'),
(673, 'F00000O0KY'),
(674, 'F00000O0KX'),
(675, 'F00000O0KW'),
(676, 'F00000O0KV'),
(677, 'F00000O0KU'),
(678, 'F00000O0KT'),
(679, 'F000003Z0V'),
(680, 'F000003Z0T'),
(681, 'F000000758'),
(682, 'F00000W42E'),
(683, 'F00000W42D'),
(684, 'F00000W42C'),
(685, 'F00000O0L6'),
(686, 'F00000O0L4'),
(687, 'F00000O0L3'),
(688, 'F00000O0L2'),
(689, 'F00000O0L1'),
(690, 'F00000O0L0'),
(691, 'F00000074D'),
(692, 'F00000Z2GN'),
(693, 'F00000Z2GM'),
(694, 'F000003SB3'),
(695, 'F000003SB2'),
(696, 'F000003SB1'),
(697, 'F000003SB0'),
(698, 'F000003SAR'),
(699, 'F000003SAQ'),
(700, 'F000003SAP'),
(701, 'F000003SAO'),
(702, 'F00000ZY46'),
(703, 'F00000ZY45'),
(704, 'F00000ZY44'),
(705, 'F00000ZY43'),
(706, 'F00000TNPZ'),
(707, 'F00000TNPY'),
(708, 'F00000M10H'),
(709, 'F000003SAV'),
(710, 'F000003SAU'),
(711, 'F000003SAT'),
(712, 'F00000XAL5'),
(713, 'F00000XAL4'),
(714, 'F00000TJIR'),
(715, 'F00000M10G'),
(716, 'F00000M10F'),
(717, 'F00000M10E'),
(718, 'F00000M10D'),
(719, 'F000003SA2'),
(720, 'F000003SA1'),
(721, 'F000003SA0'),
(722, 'F00000YDP6'),
(723, 'F00000YDP2'),
(724, 'F00000YDP1'),
(725, 'F00000YDP0'),
(726, 'F00000YDOU'),
(727, 'F00000YDOQ'),
(728, 'F00000YDOP'),
(729, 'F00000YDOL'),
(730, 'F00000TJIS'),
(731, 'F00000LP02'),
(732, 'F00000YDP5'),
(733, 'F00000YDP4'),
(734, 'F00000YDP3'),
(735, 'F00000YDOZ'),
(736, 'F00000YDOX'),
(737, 'F00000YDOW'),
(738, 'F00000YDOV'),
(739, 'F00000YDOT'),
(740, 'F00000YDOS'),
(741, 'F00000QEIL'),
(742, 'F00000V2BF'),
(743, 'F00000TJ6Z'),
(744, 'F00000TJ6Y'),
(745, 'F00000PFBZ'),
(746, 'F00000PFBY'),
(747, 'F000003S2B'),
(748, 'F000003S29'),
(749, 'F000003S28'),
(750, 'F000003S1Z'),
(751, 'F000003S1Y'),
(752, 'F00000XN3B'),
(753, 'F00000PFC8'),
(754, 'F00000PFC6'),
(755, 'F00000PFC5'),
(756, 'F00000PFC4'),
(757, 'F00000PFC3'),
(758, 'F00000PFC2'),
(759, 'F00000PFBX'),
(760, 'F00000PFBW'),
(761, 'F000003S2D'),
(762, 'F00000XN3F'),
(763, 'F00000WFF8'),
(764, 'F00000WFF2'),
(765, 'F00000WFF1'),
(766, 'F00000WFF0'),
(767, 'F00000WFEW'),
(768, 'F00000WFEV'),
(769, 'F00000WFER'),
(770, 'F00000WFEP'),
(771, 'F000003VXM'),
(772, 'F00000WFFD'),
(773, 'F00000WFFC'),
(774, 'F00000WFF9'),
(775, 'F00000WFEZ'),
(776, 'F00000WFEY'),
(777, 'F00000WFEX'),
(778, 'F00000WFET'),
(779, 'F000003VZK'),
(780, 'F000003S2K'),
(781, 'F000003S2J'),
(782, 'F00000WFFH'),
(783, 'F00000WFFG'),
(784, 'F00000WFFF'),
(785, 'F00000WFFE'),
(786, 'F00000WFFB'),
(787, 'F00000WFFA'),
(788, 'F000003S34'),
(789, 'F000003S2P'),
(790, 'F000003S2M'),
(791, 'F000003S2L'),
(792, 'F00000ZUVT'),
(793, 'F00000ZUVS'),
(794, 'F00000ZUVR'),
(795, 'F00000ZUVQ'),
(796, 'F000003T9E'),
(797, 'F000003T9D'),
(798, 'F000003T9C'),
(799, 'F000003T9B'),
(800, 'F000003SXH'),
(801, 'F000002YUT'),
(802, 'F000003T9M'),
(803, 'F000003T9L'),
(804, 'F000003T9J'),
(805, 'F000003T9I'),
(806, 'F000003T9H'),
(807, 'F000003T9G'),
(808, 'F000003T9F'),
(809, 'F000003SXL'),
(810, 'F000003SXK'),
(811, 'F000003SXG'),
(812, 'F000003T9K'),
(813, 'F000003T91'),
(814, 'F000003T8S'),
(815, 'F000003T8P'),
(816, 'F000003T8O'),
(817, 'F000003T8N'),
(818, 'F000003T8M'),
(819, 'F000003SX0'),
(820, 'F000003SWS'),
(821, 'F000003SWO'),
(822, 'F000003T95'),
(823, 'F000003T94'),
(824, 'F000003T93'),
(825, 'F000003T92'),
(826, 'F000003T8W'),
(827, 'F000003T8T'),
(828, 'F000003T8R'),
(829, 'F000003T8Q'),
(830, 'F000003SX3'),
(831, 'F000003SWW'),
(832, 'F00000TGN0'),
(833, 'F000004114'),
(834, 'F000003T99'),
(835, 'F000003T98'),
(836, 'F000003T97'),
(837, 'F000003T96'),
(838, 'F000003T8Z'),
(839, 'F000003T8Y'),
(840, 'F000003T8V'),
(841, 'F000003T8U'),
(842, 'F00000WHK3'),
(843, 'F00000WHK2'),
(844, 'F00000WHK1'),
(845, 'F00000WHK0'),
(846, 'F00000WHJY'),
(847, 'F00000WHJU'),
(848, 'F00000WHJT'),
(849, 'F00000WHJS'),
(850, 'F00000WHJR'),
(851, 'F0000006BI'),
(852, 'F00000WHJZ'),
(853, 'F00000WHJX'),
(854, 'F00000WHJW'),
(855, 'F00000MCF5'),
(856, 'F00000MCF4'),
(857, 'F00000MCEZ'),
(858, 'F00000MCEY'),
(859, 'F00000MCEX'),
(860, 'F00000MCEW'),
(861, 'F00000MCEV'),
(862, 'F00000XP8W'),
(863, 'F00000XP8V'),
(864, 'F00000QSTM'),
(865, 'F00000QSTL'),
(866, 'F00000QSTK'),
(867, 'F00000QSTJ'),
(868, 'F00000PYFZ'),
(869, 'F00000MCF3'),
(870, 'F00000MCF2'),
(871, 'F00000MCF0'),
(872, 'F00000YFC7'),
(873, 'F00000YFC6'),
(874, 'F00000YFC2'),
(875, 'F00000YFC1'),
(876, 'F00000YFC0'),
(877, 'F00000QSTR'),
(878, 'F00000QSTQ'),
(879, 'F00000QSTP'),
(880, 'F00000QSTO'),
(881, 'F00000QSTN'),
(882, 'F00000YFC5'),
(883, 'F00000WHJM'),
(884, 'F00000WHJJ'),
(885, 'F00000WHJI'),
(886, 'F00000WHJH'),
(887, 'F00000WHJG'),
(888, 'F00000WHIQ'),
(889, 'F00000WHIO'),
(890, 'F00000WHIN'),
(891, 'F00000QSTS'),
(892, 'F00000Z153'),
(893, 'F00000Z152'),
(894, 'F00000WZO9'),
(895, 'F00000VFFK'),
(896, 'F00000NL90'),
(897, 'F00000IQR8'),
(898, 'F00000IQR7'),
(899, 'F00000IQR6'),
(900, 'F0000007DJ'),
(901, 'F0000007D6'),
(902, 'F00000ZAUJ'),
(903, 'F00000Z151'),
(904, 'F00000YSWX'),
(905, 'F00000WZOC'),
(906, 'F00000MQDW'),
(907, 'F00000MQDV'),
(908, 'F00000MQDU'),
(909, 'F00000MQDS'),
(910, 'F00000MQDR'),
(911, 'F00000LJ5K'),
(912, 'F00000ZAUL'),
(913, 'F00000ZAUK'),
(914, 'F00000Z159'),
(915, 'F00000Z158'),
(916, 'F00000WZOB'),
(917, 'F00000WEB8'),
(918, 'F00000OBA9'),
(919, 'F00000MQDQ'),
(920, 'F00000JTOL'),
(921, 'F000005JZV'),
(922, 'F00000WVH2'),
(923, 'F00000WVH1'),
(924, 'F00000WVGQ'),
(925, 'F00000WVGP'),
(926, 'F00000WVGO'),
(927, 'F00000WEB9'),
(928, 'F00000WEB7'),
(929, 'F00000WEB6'),
(930, 'F00000JTOK'),
(931, 'F00000JTOG'),
(932, 'F00000WECE'),
(933, 'F00000WEBA'),
(934, 'F00000W8K4'),
(935, 'F00000W8JZ'),
(936, 'F00000W8JY'),
(937, 'F00000W8JW'),
(938, 'F00000W8JV'),
(939, 'F00000J79L'),
(940, 'F0000007EY'),
(941, 'F0000007DU'),
(942, 'F00000XUUZ'),
(943, 'F00000XQN3'),
(944, 'F00000VXB5'),
(945, 'F00000VXB4'),
(946, 'F00000VXB2'),
(947, 'F00000VXB1'),
(948, 'F00000VXB0'),
(949, 'F00000ND0O'),
(950, 'F00000ND0M'),
(951, 'F00000ND0L'),
(952, 'F0000105P4'),
(953, 'F0000105P2'),
(954, 'F0000105OY'),
(955, 'F0000105OV'),
(956, 'F0000105OS'),
(957, 'F00000ZX67'),
(958, 'F00000YGXD'),
(959, 'F00000VXB6'),
(960, 'F00000VXB3'),
(961, 'F00000VXAY'),
(962, 'F0000105ON'),
(963, 'F00000ZX68'),
(964, 'F00000SSAN'),
(965, 'F00000OSJ7'),
(966, 'F00000LVYD'),
(967, 'F00000LVYB'),
(968, 'F00000LVYA'),
(969, 'F000003S14'),
(970, 'F000003S09'),
(971, 'F000003S07'),
(972, 'F00000YPWD'),
(973, 'F00000VXCF'),
(974, 'F00000VXCE'),
(975, 'F00000P8R2'),
(976, 'F00000N2KQ'),
(977, 'F00000N2KP'),
(978, 'F00000N2KO'),
(979, 'F000003S0E'),
(980, 'F000003S0D'),
(981, 'F000003S0A'),
(982, 'F00000YPWC'),
(983, 'F00000VXCI'),
(984, 'F00000VXCD'),
(985, 'F00000VBY5'),
(986, 'F00000T4PE'),
(987, 'F00000QE8Q'),
(988, 'F00000Q3XV'),
(989, 'F00000N2KN'),
(990, 'F000003VVL'),
(991, 'F000003S04'),
(992, 'F00000Y8EO'),
(993, 'F00000WOYJ'),
(994, 'F00000WOYI'),
(995, 'F00000V3E1'),
(996, 'F000003T4E'),
(997, 'F000003T4D'),
(998, 'F000003T4C'),
(999, 'F000003T4B'),
(1000, 'F000003T3K'),
(1001, 'F000003T3J'),
(1002, 'F00000Y8EP'),
(1003, 'F00000WOYH'),
(1004, 'F00000WOYG'),
(1005, 'F00000V3E3'),
(1006, 'F00000453P'),
(1007, 'F00000453O'),
(1008, 'F0000040JM'),
(1009, 'F0000040JL'),
(1010, 'F0000040J6'),
(1011, 'F000003T3L'),
(1012, 'F00000453G'),
(1013, 'F0000040JB'),
(1014, 'F0000040JA'),
(1015, 'F0000040J9'),
(1016, 'F0000040J4'),
(1017, 'F000003T38'),
(1018, 'F000003T2Z'),
(1019, 'F000003T2J'),
(1020, 'F000003T2I'),
(1021, 'F000003T2G'),
(1022, 'F00000XJKE'),
(1023, 'F00000XJKB'),
(1024, 'F000003T5I'),
(1025, 'F000003T5G'),
(1026, 'F000003T5F'),
(1027, 'F000003T51'),
(1028, 'F000003T50'),
(1029, 'F000003T2L'),
(1030, 'F000003T2K'),
(1031, 'F000003T2H'),
(1032, 'F00000XJKD'),
(1033, 'F00000WTAW'),
(1034, 'F00000WTAV'),
(1035, 'F00000WTAU'),
(1036, 'F00000WTAT'),
(1037, 'F000003T59'),
(1038, 'F000003T58'),
(1039, 'F000003T52'),
(1040, 'F000003T4W'),
(1041, 'F000003T4V'),
(1042, 'F00000XJED'),
(1043, 'F00000XJE9'),
(1044, 'F000003S99'),
(1045, 'F000003S94'),
(1046, 'F000003S93'),
(1047, 'F000003S90'),
(1048, 'F000003S8X'),
(1049, 'F000003S8S'),
(1050, 'F000003S8R'),
(1051, 'F000003S8O'),
(1052, 'F00000XJEH'),
(1053, 'F00000XJEG'),
(1054, 'F00000XJEC'),
(1055, 'F00000XJEB'),
(1056, 'F00000XJEA'),
(1057, 'F000003S98'),
(1058, 'F000003S97'),
(1059, 'F000003S8Y'),
(1060, 'F000003S8W'),
(1061, 'F000003RX8'),
(1062, 'F00000YDWI'),
(1063, 'F00000YDWH'),
(1064, 'F00000XJEL'),
(1065, 'F00000XJEF'),
(1066, 'F00000XJEE'),
(1067, 'F00000VYI9'),
(1068, 'F00000VYI8'),
(1069, 'F000003S8Z'),
(1070, 'F000003S8E'),
(1071, 'F000003S8A'),
(1072, 'F000003S8M'),
(1073, 'F000003S8L'),
(1074, 'F000003S8K'),
(1075, 'F000003S8C'),
(1076, 'F000003S80'),
(1077, 'F000003S7S'),
(1078, 'F000003S7R'),
(1079, 'F000003S7Q'),
(1080, 'F000003S7P'),
(1081, 'F000003S7M'),
(1082, 'F00000OL6L'),
(1083, 'F00000OL6K'),
(1084, 'F00000JQPF'),
(1085, 'F000003S87'),
(1086, 'F000003S7Z'),
(1087, 'F000003S7Y'),
(1088, 'F000003S7X'),
(1089, 'F000003S7W'),
(1090, 'F000003S7V'),
(1091, 'F000003S7U'),
(1092, 'F00000V2S5'),
(1093, 'F00000V2S4'),
(1094, 'F00000OTQZ'),
(1095, 'F00000OTQY'),
(1096, 'F00000OTQX'),
(1097, 'F00000OTQW'),
(1098, 'F000003SC4'),
(1099, 'F000003SC1'),
(1100, 'F000003SBS'),
(1101, 'F000003SBH'),
(1102, 'F00000YYVV'),
(1103, 'F00000VD5L'),
(1104, 'F00000OTR4'),
(1105, 'F00000OTR3'),
(1106, 'F00000OTQV'),
(1107, 'F00000OTQU'),
(1108, 'F000003SC6'),
(1109, 'F000003SBV'),
(1110, 'F000003SBU'),
(1111, 'F000003SBQ'),
(1112, 'F00000VD5P'),
(1113, 'F00000VD5N'),
(1114, 'F00000OTR2'),
(1115, 'F00000OTR1'),
(1116, 'F00000OTR0'),
(1117, 'F000003SB9'),
(1118, 'F000003SB8'),
(1119, 'F000003SAZ'),
(1120, 'F000003SAY'),
(1121, 'F000003SAX'),
(1122, 'F00000ZY47'),
(1123, 'F00000ZY42'),
(1124, 'F00000VD5Q'),
(1125, 'F000003SD4'),
(1126, 'F000003SD2'),
(1127, 'F000003SCT'),
(1128, 'F000003SCR'),
(1129, 'F000003SCN'),
(1130, 'F000003SAM'),
(1131, 'F000003SAL'),
(1132, 'F000010311'),
(1133, 'F000010310'),
(1134, 'F000003SD9'),
(1135, 'F000003SD6'),
(1136, 'F000003SCH'),
(1137, 'F000003SCG'),
(1138, 'F000003SCF'),
(1139, 'F000003SCE'),
(1140, 'F000003SCA'),
(1141, 'F000003SBX'),
(1142, 'F00000YDF9'),
(1143, 'F00000VGV6'),
(1144, 'F00000VGV4'),
(1145, 'F00000VGV2'),
(1146, 'F00000VGV0'),
(1147, 'F00000VGUR'),
(1148, 'F00000VGUP'),
(1149, 'F00000VGUN'),
(1150, 'F00000VGUL'),
(1151, 'F00000UQKC'),
(1152, 'F0000101SE'),
(1153, 'F00000VGV9'),
(1154, 'F00000VGV8'),
(1155, 'F00000VGV7'),
(1156, 'F00000VGUW'),
(1157, 'F00000Q7YI'),
(1158, 'F00000Q7YG'),
(1159, 'F00000Q42H'),
(1160, 'F00000Q42C'),
(1161, 'F00000Q42B'),
(1162, 'F0000101SD'),
(1163, 'F0000101SC'),
(1164, 'F00000YI0D'),
(1165, 'F00000X4JX'),
(1166, 'F00000VGVB'),
(1167, 'F00000VGVA'),
(1168, 'F00000MIGG'),
(1169, 'F00000MIGF'),
(1170, 'F00000MIGC'),
(1171, 'F00000MIGA'),
(1172, 'F00000ZGK9'),
(1173, 'F00000ZGK8'),
(1174, 'F00000Z6EV'),
(1175, 'F00000Z6EU'),
(1176, 'F00000Z6ET'),
(1177, 'F00000Z6ES'),
(1178, 'F00000Z6EO'),
(1179, 'F00000WSH3'),
(1180, 'F00000WSH2'),
(1181, 'F00000MIGB'),
(1182, 'F00000Z6F2'),
(1183, 'F00000Z6F1'),
(1184, 'F00000Z6F0'),
(1185, 'F00000Z6EZ'),
(1186, 'F00000Z6EY'),
(1187, 'F00000Z6EX'),
(1188, 'F00000Z6EW'),
(1189, 'F00000Z6ER'),
(1190, 'F00000Z6EQ'),
(1191, 'F00000Z6EP'),
(1192, 'F00000QSBG'),
(1193, 'F00000QSBF'),
(1194, 'F00000QSBD'),
(1195, 'F00000QSBC'),
(1196, 'F00000QSBB'),
(1197, 'F00000QSBA'),
(1198, 'F000003TE3'),
(1199, 'F000003TDX'),
(1200, 'F000003TDW'),
(1201, 'F000003TDV'),
(1202, 'F00000YEOV'),
(1203, 'F00000QSBI'),
(1204, 'F00000QSBH'),
(1205, 'F000002YQO'),
(1206, 'F000002YQN'),
(1207, 'F000002YQL'),
(1208, 'F000002YQK'),
(1209, 'F000002YQH'),
(1210, 'F000002YQG'),
(1211, 'F000002YQE'),
(1212, 'F00000VR23'),
(1213, 'F00000OV3F'),
(1214, 'F000003TCB'),
(1215, 'F000003TCA'),
(1216, 'F000003TC9'),
(1217, 'F000002YQM'),
(1218, 'F000002YPF'),
(1219, 'F000002YPE'),
(1220, 'F000002YPC'),
(1221, 'F000002YPB'),
(1222, 'F00000ZYUR'),
(1223, 'F00000ZYUQ'),
(1224, 'F00000ZYUP'),
(1225, 'F000003TCE'),
(1226, 'F000002YP6'),
(1227, 'F000002YP5'),
(1228, 'F000002YP2'),
(1229, 'F000002YP1'),
(1230, 'F000002YP0'),
(1231, 'F000002YOR'),
(1232, 'F00000YF33'),
(1233, 'F00000YF2R'),
(1234, 'F000003TBV'),
(1235, 'F000003TBU'),
(1236, 'F000003TBT'),
(1237, 'F000002YP7'),
(1238, 'F000002YOS'),
(1239, 'F000002YOE'),
(1240, 'F000002YOD'),
(1241, 'F000002YOA'),
(1242, 'F00000ZYX3'),
(1243, 'F00000ZYX2'),
(1244, 'F00000ZYX1'),
(1245, 'F00000ZYX0'),
(1246, 'F00000ZYWZ'),
(1247, 'F00000O7TZ'),
(1248, 'F00000O7TY'),
(1249, 'F000003TA1'),
(1250, 'F000002YN8'),
(1251, 'F000002YN7'),
(1252, 'F00000X1OO'),
(1253, 'F00000X1ON'),
(1254, 'F00000O7U0'),
(1255, 'F00000JRXZ'),
(1256, 'F00000JRXY'),
(1257, 'F00000JRXV'),
(1258, 'F00000JRXT'),
(1259, 'F000003TA4'),
(1260, 'F000003TA2'),
(1261, 'F000002YN9'),
(1262, 'F00000ZUR9'),
(1263, 'F00000ZUR5'),
(1264, 'F00000ZUR4'),
(1265, 'F00000ZDP7'),
(1266, 'F00000YNF0'),
(1267, 'F00000X1OU'),
(1268, 'F00000X1OT'),
(1269, 'F00000X1OS'),
(1270, 'F00000X1OP'),
(1271, 'F00000M1M8'),
(1272, 'F00000ZURL'),
(1273, 'F00000ZURJ'),
(1274, 'F00000ZURI'),
(1275, 'F00000ZURD'),
(1276, 'F00000ZURC'),
(1277, 'F00000ZURB'),
(1278, 'F00000ZURA'),
(1279, 'F00000ZUR8'),
(1280, 'F00000ZUR7'),
(1281, 'F00000ZUR6'),
(1282, 'F00000ZURG'),
(1283, 'F00000ZURF'),
(1284, 'F00000ZURE'),
(1285, 'F00000YFDL'),
(1286, 'F00000WM81'),
(1287, 'F00000WM7U'),
(1288, 'F00000WM7T'),
(1289, 'F00000N9L9'),
(1290, 'F00000N9L8'),
(1291, 'F00000N9L7'),
(1292, 'F00000M0HZ'),
(1293, 'F00000M0HY'),
(1294, 'F00000M0HX'),
(1295, 'F00000M0HW'),
(1296, 'F00000M0HV'),
(1297, 'F00000M0HU'),
(1298, 'F000003RYG'),
(1299, 'F000003RYF'),
(1300, 'F000003RYC'),
(1301, 'F000003RYA'),
(1302, 'F00000W24B'),
(1303, 'F00000M0I0'),
(1304, 'F00000M0HT'),
(1305, 'F00000M0HS'),
(1306, 'F00000M0HR'),
(1307, 'F00000M0HQ'),
(1308, 'F000003RYK'),
(1309, 'F000003RYJ'),
(1310, 'F000003RYE'),
(1311, 'F000003RYD'),
(1312, 'F00000XEWR'),
(1313, 'F00000XEWQ'),
(1314, 'F00000XEWP'),
(1315, 'F00000WBV4'),
(1316, 'F00000WBV3'),
(1317, 'F00000VHBV'),
(1318, 'F000003RZW'),
(1319, 'F000003RZT'),
(1320, 'F000003RZS'),
(1321, 'F000003RZR'),
(1322, 'F00000WBVA'),
(1323, 'F00000WBV6'),
(1324, 'F00000WBV5'),
(1325, 'F000003RZZ'),
(1326, 'F000003RZY'),
(1327, 'F000003RZX'),
(1328, 'F000003RZV'),
(1329, 'F000003RZU'),
(1330, 'F000003RZG'),
(1331, 'F000003RZD'),
(1332, 'F00000TNWD'),
(1333, 'F00000TNWC'),
(1334, 'F000003RZK'),
(1335, 'F000003RZJ'),
(1336, 'F000003RZI'),
(1337, 'F000003RZH'),
(1338, 'F000003RZF'),
(1339, 'F000003RZE'),
(1340, 'F000003RZ6'),
(1341, 'F000003RYX'),
(1342, 'F00000YEAN'),
(1343, 'F00000YEAL'),
(1344, 'F00000YEAK'),
(1345, 'F000003T0X'),
(1346, 'F000003T0V'),
(1347, 'F000003T0U'),
(1348, 'F000003SP7'),
(1349, 'F000003SOX'),
(1350, 'F000003SOV'),
(1351, 'F000003SOU'),
(1352, 'F00000YEB3'),
(1353, 'F00000YEB2'),
(1354, 'F00000YEB0'),
(1355, 'F00000YEAV'),
(1356, 'F00000YEAR'),
(1357, 'F00000YEAQ'),
(1358, 'F00000YEAP'),
(1359, 'F000003T0Y'),
(1360, 'F000003SOZ'),
(1361, 'F000003SOY'),
(1362, 'F00000YEB8'),
(1363, 'F00000YEB7'),
(1364, 'F00000YEB4'),
(1365, 'F00000YEAZ'),
(1366, 'F00000YEAY'),
(1367, 'F00000YEAU'),
(1368, 'F00000YEAT'),
(1369, 'F00000YEAS'),
(1370, 'F000003T0G'),
(1371, 'F000003SOG'),
(1372, 'F000003T0K'),
(1373, 'F000003T0F'),
(1374, 'F000003SOO'),
(1375, 'F000003SOL'),
(1376, 'F000003SOK'),
(1377, 'F000003SOJ'),
(1378, 'F000003SOI'),
(1379, 'F000003SOH'),
(1380, 'F000003SOF'),
(1381, 'F000003SOE'),
(1382, 'F000003T0S'),
(1383, 'F000003T0M'),
(1384, 'F000003SP5'),
(1385, 'F000003SP4'),
(1386, 'F000003SP1'),
(1387, 'F000003SP0'),
(1388, 'F000003SOT'),
(1389, 'F000003SOP'),
(1390, 'F000003SON'),
(1391, 'F000003SOM'),
(1392, 'F00000ZM4E'),
(1393, 'F00000ZM4D'),
(1394, 'F00000ZM4C'),
(1395, 'F00000ZM49'),
(1396, 'F00000ZM48'),
(1397, 'F00000ZM3Y'),
(1398, 'F00000ZM3X'),
(1399, 'F00000ZM3W'),
(1400, 'F00000ZHKA'),
(1401, 'F000003SIY'),
(1402, 'F00000ZM4F'),
(1403, 'F00000ZM4B'),
(1404, 'F00000ZM4A'),
(1405, 'F00000ZHKC'),
(1406, 'F00000ZHKB'),
(1407, 'F00000VI92'),
(1408, 'F000003SIF'),
(1409, 'F000003SIC'),
(1410, 'F000003SIB'),
(1411, 'F000003SIA'),
(1412, 'F00000WXTI'),
(1413, 'F00000WXTC'),
(1414, 'F00000WXTB'),
(1415, 'F00000V87L'),
(1416, 'F00000MAXW'),
(1417, 'F000003SIN'),
(1418, 'F000003SIJ'),
(1419, 'F000003SID'),
(1420, 'F000003SI5'),
(1421, 'F000003SHN'),
(1422, 'F0GBR053J3'),
(1423, 'F00000Y919'),
(1424, 'F00000Y916'),
(1425, 'F00000Q4S9'),
(1426, 'F00000Q4S8'),
(1427, 'F00000MAXU'),
(1428, 'F000003SI8'),
(1429, 'F000003SI7'),
(1430, 'F000003SI4'),
(1431, 'F000003SHX'),
(1432, 'F00000Y91C'),
(1433, 'F00000Y91B'),
(1434, 'F00000Y91A'),
(1435, 'F00000Y918'),
(1436, 'F00000Y917'),
(1437, 'F00000Q4QN'),
(1438, 'F00000Q4QM'),
(1439, 'F00000Q4QL'),
(1440, 'F00000JN97'),
(1441, 'F000003SH8'),
(1442, 'F00000NN0E'),
(1443, 'F00000NN0D'),
(1444, 'F00000NN0C'),
(1445, 'F00000NN0B'),
(1446, 'F00000NN0A'),
(1447, 'F00000NN09'),
(1448, 'F00000NN06'),
(1449, 'F000003SK2'),
(1450, 'F000003SJR'),
(1451, 'F000003SJQ'),
(1452, 'F00000ZM3M'),
(1453, 'F00000ZM3L'),
(1454, 'F00000ZM3K'),
(1455, 'F00000ZM3J'),
(1456, 'F00000XK5I'),
(1457, 'F00000NN07'),
(1458, 'F00000NN05'),
(1459, 'F00000NN03'),
(1460, 'F00000NN02'),
(1461, 'F000003SJC'),
(1462, 'F00000ZM46'),
(1463, 'F00000ZM45'),
(1464, 'F00000ZM44'),
(1465, 'F00000ZM43'),
(1466, 'F00000ZM3U'),
(1467, 'F00000ZM3T'),
(1468, 'F00000ZM3S'),
(1469, 'F00000ZM3R'),
(1470, 'F00000ZM3N'),
(1471, 'F00000NN01'),
(1472, 'F00000ZM47'),
(1473, 'F00000ZM42'),
(1474, 'F00000ZM41'),
(1475, 'F00000ZM40'),
(1476, 'F00000ZM3Z'),
(1477, 'F00000ZM3V'),
(1478, 'F00000ZM3Q'),
(1479, 'F00000ZM3P'),
(1480, 'F00000ZM3O'),
(1481, 'F000003SJ2'),
(1482, 'F00000YINR'),
(1483, 'F00000YINQ'),
(1484, 'F00000NN0I'),
(1485, 'F00000NN0G'),
(1486, 'F00000NN0F'),
(1487, 'F000003SKP'),
(1488, 'F000003SKN'),
(1489, 'F000003SKM'),
(1490, 'F000003SJ6'),
(1491, 'F000003SIU'),
(1492, 'F00000ZUU9'),
(1493, 'F00000ZUU8'),
(1494, 'F00000ZUU3'),
(1495, 'F00000ZUU2'),
(1496, 'F00000ZUTY'),
(1497, 'F00000ZUTX'),
(1498, 'F00000ZUTW'),
(1499, 'F00000ZUTR'),
(1500, 'F00000ZUTQ'),
(1501, 'F00000QFRA'),
(1502, 'F00000ZUUG'),
(1503, 'F00000ZUUF'),
(1504, 'F00000ZUUE'),
(1505, 'F00000ZUUD'),
(1506, 'F00000ZUUC'),
(1507, 'F00000ZUUB'),
(1508, 'F00000ZUUA'),
(1509, 'F00000ZUTZ'),
(1510, 'F00000QFRJ'),
(1511, 'F00000QFRG'),
(1512, 'F00000ZUV0'),
(1513, 'F00000ZUUO'),
(1514, 'F00000ZUUN'),
(1515, 'F00000ZUUM'),
(1516, 'F00000ZUUL'),
(1517, 'F00000ZUUK'),
(1518, 'F00000ZUUJ'),
(1519, 'F00000ZUUI'),
(1520, 'F00000ZUUH'),
(1521, 'F00000QFRK'),
(1522, 'F00000ZUV8'),
(1523, 'F00000ZUV7'),
(1524, 'F00000ZUV5'),
(1525, 'F00000ZUV1'),
(1526, 'F00000ZUUW'),
(1527, 'F00000ZUUV'),
(1528, 'F00000ZUUU'),
(1529, 'F00000ZUUT'),
(1530, 'F00000ZUUP'),
(1531, 'F00000YRRV'),
(1532, 'F00000ZUV4'),
(1533, 'F00000ZUV3'),
(1534, 'F00000ZUV2'),
(1535, 'F00000ZUUX'),
(1536, 'F00000ZUUS'),
(1537, 'F00000ZUUR'),
(1538, 'F00000ZUUQ'),
(1539, 'F00000YRRW'),
(1540, 'F00000YB2J'),
(1541, 'F00000YB2H'),
(1542, 'F00000ZCLH'),
(1543, 'F00000ZCLG'),
(1544, 'F00000ZCLF'),
(1545, 'F00000ZCLE'),
(1546, 'F00000ZCLD'),
(1547, 'F00000ZCLC'),
(1548, 'F00000ZCLB'),
(1549, 'F00000ZCLA'),
(1550, 'F00000ZCL9'),
(1551, 'F00000YMBW'),
(1552, 'F00000ZCLM'),
(1553, 'F00000ZCLL'),
(1554, 'F00000ZCLK'),
(1555, 'F00000ZCLJ'),
(1556, 'F00000ZCLI'),
(1557, 'F00000YMBX'),
(1558, 'F00000Y7XK'),
(1559, 'F00000Y7XG'),
(1560, 'F00000Y7XF'),
(1561, 'F00000Y7XE'),
(1562, 'F00000Y7XQ'),
(1563, 'F00000Y7XP'),
(1564, 'F00000Y7XO'),
(1565, 'F00000Y7XN'),
(1566, 'F00000Y7XM'),
(1567, 'F00000Y7XL'),
(1568, 'F00000Y7XJ'),
(1569, 'F00000Y7XI'),
(1570, 'F00000Y7XH'),
(1571, 'F00000W23L'),
(1572, 'F00000XEWK'),
(1573, 'F00000XEWJ'),
(1574, 'F00000XEWI'),
(1575, 'F00000XEWH'),
(1576, 'F00000XEWF'),
(1577, 'F00000W249'),
(1578, 'F00000W248'),
(1579, 'F00000W246'),
(1580, 'F00000W23Y'),
(1581, 'F00000VQ43'),
(1582, 'F00000XEWO'),
(1583, 'F00000XEWN'),
(1584, 'F00000XEWM'),
(1585, 'F00000XEWL'),
(1586, 'F00000VHBU'),
(1587, 'F000003T0T'),
(1588, 'F000003SP3'),
(1589, 'F000003SP2'),
(1590, 'F000003SOR'),
(1591, 'F000003SOQ'),
(1592, 'F00000WSYD'),
(1593, 'F00000UMSD'),
(1594, 'F00000M0I1'),
(1595, 'F000003S9R'),
(1596, 'F000003S9Q'),
(1597, 'F000003RZ0'),
(1598, 'F000003RYI'),
(1599, 'F000003RYH'),
(1600, 'F000003RY2'),
(1601, 'F000003RY0'),
(1602, 'F00000UMSH'),
(1603, 'F00000UMSG'),
(1604, 'F000003S9V'),
(1605, 'F000003S9U'),
(1606, 'F000003S9P'),
(1607, 'F000003S9O'),
(1608, 'F000003RY1'),
(1609, 'F000003RXU'),
(1610, 'F000003RXS'),
(1611, 'F000003RXP'),
(1612, 'F00000UMSF'),
(1613, 'F00000UMSE'),
(1614, 'F000003S9Z'),
(1615, 'F000003S9Y'),
(1616, 'F000003S9T'),
(1617, 'F000003S9S'),
(1618, 'F000003RY8'),
(1619, 'F000003RY5'),
(1620, 'F000003RY4'),
(1621, 'F000003RXY'),
(1622, 'F00000YV9A'),
(1623, 'F00000UMSI'),
(1624, 'F000003S9X'),
(1625, 'F000003S9W'),
(1626, 'F000003S9M'),
(1627, 'F000003S9J'),
(1628, 'F000003RXX'),
(1629, 'F000003RXM'),
(1630, 'F000003RXH'),
(1631, 'F000003RXE'),
(1632, 'F00000XJE6'),
(1633, 'F000003S9N'),
(1634, 'F000003S9L'),
(1635, 'F000003S9K'),
(1636, 'F000003S92'),
(1637, 'F000003S91'),
(1638, 'F000003S8Q'),
(1639, 'F000003S8P'),
(1640, 'F000003S8N'),
(1641, 'F000003RXL'),
(1642, 'F00000VUKE'),
(1643, 'F00000VUKC'),
(1644, 'F000003T06'),
(1645, 'F000003T05'),
(1646, 'F000003SO6'),
(1647, 'F000003SO5'),
(1648, 'F000003SNZ'),
(1649, 'F000003SNX'),
(1650, 'F000003SNU'),
(1651, 'F000003SNT'),
(1652, 'F00000T1JL'),
(1653, 'F00000NIJZ'),
(1654, 'F00000NIJY'),
(1655, 'F000003T09'),
(1656, 'F000003SOD'),
(1657, 'F000003SOC'),
(1658, 'F000003SOB'),
(1659, 'F000003SOA'),
(1660, 'F000003SO9'),
(1661, 'F000003SNY'),
(1662, 'F00000V3I7'),
(1663, 'F00000NIJT'),
(1664, 'F00000NIJS'),
(1665, 'F000003T0B'),
(1666, 'F000003SO0'),
(1667, 'F000003SNR'),
(1668, 'F000003SNO'),
(1669, 'F000003SNN'),
(1670, 'F000003SNJ'),
(1671, 'F000003SNH'),
(1672, 'F000003T04'),
(1673, 'F000003SO4'),
(1674, 'F000003SO3'),
(1675, 'F000003SO2'),
(1676, 'F000003SO1'),
(1677, 'F000003SNS'),
(1678, 'F000003SNQ'),
(1679, 'F000003SMZ'),
(1680, 'F000003SMY'),
(1681, 'F000003SMX'),
(1682, 'F00000Y8K5'),
(1683, 'F00000QJF9'),
(1684, 'F00000QJF8'),
(1685, 'F00000QJF7'),
(1686, 'F00000QJF5'),
(1687, 'F00000QJF4'),
(1688, 'F00000QJF3'),
(1689, 'F000005I2W'),
(1690, 'F000005I2V'),
(1691, 'F000005I2U'),
(1692, 'F00000XN3J'),
(1693, 'F00000XN3E'),
(1694, 'F00000XN3D'),
(1695, 'F00000XN3C'),
(1696, 'F00000VXN5'),
(1697, 'F00000VXMT'),
(1698, 'F00000VXMS'),
(1699, 'F00000VXMR'),
(1700, 'F00000PFC1'),
(1701, 'F00000PFC0'),
(1702, 'F00000XN3I'),
(1703, 'F00000XN3H'),
(1704, 'F00000XN3G'),
(1705, 'F00000VXN9'),
(1706, 'F00000VXN8'),
(1707, 'F00000VXN6'),
(1708, 'F00000VXMV'),
(1709, 'F00000VXMU'),
(1710, 'F000003S1M'),
(1711, 'F000003S1L'),
(1712, 'F00000XN3R'),
(1713, 'F00000XN3Q'),
(1714, 'F00000XN3P'),
(1715, 'F00000XN3N'),
(1716, 'F00000XN3M'),
(1717, 'F00000XN3L'),
(1718, 'F00000XN3K'),
(1719, 'F00000VXNA'),
(1720, 'F00000VXN7'),
(1721, 'F000003S26'),
(1722, 'F00000XN3W'),
(1723, 'F00000XN3V'),
(1724, 'F00000XN3U'),
(1725, 'F00000XN3T'),
(1726, 'F00000XN3S'),
(1727, 'F00000XN3O'),
(1728, 'F000003S24'),
(1729, 'F000003S0Y'),
(1730, 'F000003S0X'),
(1731, 'F000003S0H'),
(1732, 'F00000ZP2L'),
(1733, 'F00000ZP2K'),
(1734, 'F00000ZP2J'),
(1735, 'F00000ZP2I'),
(1736, 'F00000ZP2H'),
(1737, 'F000003S15'),
(1738, 'F000003S11'),
(1739, 'F000003S10'),
(1740, 'F000003S0I'),
(1741, 'F000003S0G'),
(1742, 'F00000YFE1'),
(1743, 'F00000YFE0'),
(1744, 'F00000YFDP'),
(1745, 'F00000YFDO'),
(1746, 'F00000WM7Z'),
(1747, 'F00000N9L6'),
(1748, 'F00000N9L5'),
(1749, 'F00000LYQ9'),
(1750, 'F00000LYQ8'),
(1751, 'F00000LYQ6'),
(1752, 'F00000YFE5'),
(1753, 'F00000YFDT'),
(1754, 'F00000YFDS'),
(1755, 'F00000YFDN'),
(1756, 'F00000YFDM'),
(1757, 'F00000WM7X'),
(1758, 'F00000WM7W'),
(1759, 'F00000LYQ7'),
(1760, 'F00000LYQ5'),
(1761, 'F00000LYQ4'),
(1762, 'F00000YFE9'),
(1763, 'F00000YFE8'),
(1764, 'F00000YFE4'),
(1765, 'F00000YFE3'),
(1766, 'F00000YFE2'),
(1767, 'F00000YFDX'),
(1768, 'F00000YFDW'),
(1769, 'F00000YFDV'),
(1770, 'F00000YFDR'),
(1771, 'F00000YFDQ'),
(1772, 'F00000ZCL0'),
(1773, 'F00000YFE7'),
(1774, 'F00000YFE6'),
(1775, 'F00000YFDZ'),
(1776, 'F00000YFDY'),
(1777, 'F00000YFDU'),
(1778, 'F00000XS07'),
(1779, 'F00000XS01'),
(1780, 'F00000XNFX'),
(1781, 'F00000WM8G'),
(1782, 'F00000ZCL8'),
(1783, 'F00000ZCL7'),
(1784, 'F00000ZCL6'),
(1785, 'F00000ZCL5'),
(1786, 'F00000ZCL4'),
(1787, 'F00000ZCL3'),
(1788, 'F00000ZCL1'),
(1789, 'F00000WT5I'),
(1790, 'F00000VD97'),
(1791, 'F00000VD96'),
(1792, 'F00000ZUT4'),
(1793, 'F00000ZUT3'),
(1794, 'F00000ZUST'),
(1795, 'F00000ZUSS'),
(1796, 'F00000ZUSR'),
(1797, 'F00000ZUS2'),
(1798, 'F00000ZURQ'),
(1799, 'F00000ZURH'),
(1800, 'F00000VN00'),
(1801, 'F00000QK9V'),
(1802, 'F00000ZUS5'),
(1803, 'F00000ZUS4'),
(1804, 'F00000ZUS3'),
(1805, 'F00000ZUS0'),
(1806, 'F00000ZURT'),
(1807, 'F00000ZURS'),
(1808, 'F00000ZURR'),
(1809, 'F00000ZURO'),
(1810, 'F00000ZURN'),
(1811, 'F00000ZURM'),
(1812, 'F00000ZUS8'),
(1813, 'F00000ZUS7'),
(1814, 'F00000ZUS6'),
(1815, 'F00000ZUS1'),
(1816, 'F00000ZURZ'),
(1817, 'F00000ZURY'),
(1818, 'F00000ZURW'),
(1819, 'F00000ZURV'),
(1820, 'F00000ZURU'),
(1821, 'F00000ZURP'),
(1822, 'F00000ZUSJ'),
(1823, 'F00000ZUSE'),
(1824, 'F00000ZUSD'),
(1825, 'F00000ZUSC'),
(1826, 'F00000ZUSA'),
(1827, 'F00000ZUS9'),
(1828, 'F00000ZURX'),
(1829, 'F00000YW9H'),
(1830, 'F000002YIZ'),
(1831, 'F000002YIY'),
(1832, 'F00000ZUSM'),
(1833, 'F00000ZUSL'),
(1834, 'F00000ZUSK'),
(1835, 'F00000ZUSI'),
(1836, 'F00000ZUSH'),
(1837, 'F00000ZUSG'),
(1838, 'F00000ZUSF'),
(1839, 'F00000YW9J'),
(1840, 'F00000Y4V0'),
(1841, 'F00000QK9T'),
(1842, 'F00000ZUT6'),
(1843, 'F00000ZUT5'),
(1844, 'F00000ZUT0'),
(1845, 'F00000ZUSU'),
(1846, 'F00000ZUSP'),
(1847, 'F00000ZUSO'),
(1848, 'F00000ZUSN'),
(1849, 'F00000YW9R'),
(1850, 'F00000Y4V1'),
(1851, 'F000002YJ0'),
(1852, 'F00000ZUT9'),
(1853, 'F00000ZUT8'),
(1854, 'F00000ZUT7'),
(1855, 'F00000ZUT1'),
(1856, 'F00000ZUSZ'),
(1857, 'F00000ZUSY'),
(1858, 'F00000ZUSX'),
(1859, 'F00000ZUSW'),
(1860, 'F00000ZUSV'),
(1861, 'F00000ZUSQ'),
(1862, 'F00000ZUTN'),
(1863, 'F00000ZUTM'),
(1864, 'F00000ZUTK'),
(1865, 'F00000ZUTF'),
(1866, 'F00000ZUTD'),
(1867, 'F00000ZUTC'),
(1868, 'F00000ZUTB'),
(1869, 'F00000ZUTA'),
(1870, 'F000003SZV'),
(1871, 'F000003SZU'),
(1872, 'F00000ZUU6'),
(1873, 'F00000ZUU5'),
(1874, 'F00000ZUU4'),
(1875, 'F00000ZUTU'),
(1876, 'F00000ZUTT'),
(1877, 'F00000ZUTS'),
(1878, 'F00000ZUTJ'),
(1879, 'F00000ZUTI'),
(1880, 'F00000ZUTH'),
(1881, 'F00000ZUTG'),
(1882, 'F00000ZUU7'),
(1883, 'F00000ZUU1'),
(1884, 'F00000ZUU0'),
(1885, 'F00000ZUTV'),
(1886, 'F00000ZUTP'),
(1887, 'F00000ZUTO'),
(1888, 'F00000QFR8'),
(1889, 'F00000QFR7'),
(1890, 'F00000QFR6'),
(1891, 'F000003SZG'),
(1892, 'F00000YQBC'),
(1893, 'F00000V77W'),
(1894, 'F00000V77V'),
(1895, 'F00000V77U'),
(1896, 'F00000V77T'),
(1897, 'F00000V77S'),
(1898, 'F00000V77R'),
(1899, 'F00000Q8YG'),
(1900, 'F00000GUP6'),
(1901, 'F00000GUP5'),
(1902, 'F00000V77X'),
(1903, 'F00000QED0'),
(1904, 'F00000M9EH'),
(1905, 'F00000M9EG'),
(1906, 'F00000M9EF'),
(1907, 'F00000ISDU'),
(1908, 'F00000ISDT'),
(1909, 'F000003SFE'),
(1910, 'F000003SFD'),
(1911, 'F000003SF4'),
(1912, 'F00000XNAT'),
(1913, 'F00000XNAS'),
(1914, 'F00000U3VA'),
(1915, 'F00000U3V9'),
(1916, 'F00000QED2'),
(1917, 'F00000QED1'),
(1918, 'F00000O31U'),
(1919, 'F00000O31S'),
(1920, 'F00000M9E9'),
(1921, 'F000003SCY'),
(1922, 'F00000XNAU'),
(1923, 'F00000U3VD'),
(1924, 'F00000U3VC'),
(1925, 'F00000U3VB'),
(1926, 'F00000OL6I'),
(1927, 'F000003SDG'),
(1928, 'F000003SDE'),
(1929, 'F000003SDA'),
(1930, 'F000003SCL'),
(1931, 'F000003SCJ'),
(1932, 'F00000SY2Q'),
(1933, 'F00000SY2P'),
(1934, 'F00000SY2O'),
(1935, 'F00000SY2N'),
(1936, 'F00000SY2M'),
(1937, 'F00000OL6H'),
(1938, 'F00000OL6G'),
(1939, 'F000003S7J'),
(1940, 'F000003S7I'),
(1941, 'F000003S7H'),
(1942, 'F00000YWE4'),
(1943, 'F00000YFCE'),
(1944, 'F00000YFCD'),
(1945, 'F00000YFCC'),
(1946, 'F00000YFCA'),
(1947, 'F00000YFC9'),
(1948, 'F00000YFC8'),
(1949, 'F00000WM72'),
(1950, 'F00000WM70'),
(1951, 'F00000QSTT'),
(1952, 'F00000YFCO'),
(1953, 'F00000YFCN'),
(1954, 'F00000YFCK'),
(1955, 'F00000YFCI'),
(1956, 'F00000YFCH'),
(1957, 'F00000WM79'),
(1958, 'F00000WM77'),
(1959, 'F00000WM75'),
(1960, 'F00000WM73'),
(1961, 'F00000VMZX'),
(1962, 'F00000YFCS'),
(1963, 'F00000YFCR'),
(1964, 'F00000YFCQ'),
(1965, 'F00000YFCP'),
(1966, 'F00000YFCM'),
(1967, 'F00000YFCL'),
(1968, 'F00000WM7A'),
(1969, 'F00000WM78'),
(1970, 'F00000VMZZ'),
(1971, 'F00000VMZY'),
(1972, 'F00000WM7M'),
(1973, 'F00000WM7J'),
(1974, 'F00000WM7I'),
(1975, 'F00000WM7H'),
(1976, 'F00000WM7G'),
(1977, 'F00000WM7F'),
(1978, 'F00000WM7E'),
(1979, 'F00000WM7C'),
(1980, 'F00000WM7B'),
(1981, 'F00000LYQD'),
(1982, 'F00000WM83'),
(1983, 'F00000WM80'),
(1984, 'F00000WM7R'),
(1985, 'F00000WM7Q'),
(1986, 'F00000WM7P'),
(1987, 'F00000WM7O'),
(1988, 'F00000WM7N'),
(1989, 'F00000WM7L'),
(1990, 'F00000LYQC'),
(1991, 'F00000LYQB'),
(1992, 'F00000ZW88'),
(1993, 'F00000ZW87'),
(1994, 'F00000Y215'),
(1995, 'F00000WA5G'),
(1996, 'F000005EY1'),
(1997, 'F000005EY0'),
(1998, 'F000005EXU'),
(1999, 'F000005EXT'),
(2000, 'F000005EXP'),
(2001, 'F0000006JA'),
(2002, 'F00000ZW89'),
(2003, 'F00000XPPV'),
(2004, 'F00000WA5O'),
(2005, 'F00000WA5F'),
(2006, 'F00000WA5E'),
(2007, 'F000005EY5'),
(2008, 'F000005EXW'),
(2009, 'F000005EXV'),
(2010, 'F000005EXS'),
(2011, 'F000005EXR'),
(2012, 'F00000ZW8H'),
(2013, 'F00000ZW8G'),
(2014, 'F00000ZW8E'),
(2015, 'F00000ZW8C'),
(2016, 'F00000ZW8B'),
(2017, 'F00000ZW8A'),
(2018, 'F00000WA5Q'),
(2019, 'F00000WA5P'),
(2020, 'F00000WA5N'),
(2021, 'F000005EXZ'),
(2022, 'F00000ZW8O'),
(2023, 'F00000ZW8N'),
(2024, 'F00000ZW8M'),
(2025, 'F00000ZW8D'),
(2026, 'F00000Z4TB'),
(2027, 'F00000WA5V'),
(2028, 'F00000V16O'),
(2029, 'F00000V16L'),
(2030, 'F00000V16J'),
(2031, 'F0000006IB'),
(2032, 'F0000100CU'),
(2033, 'F0000100CT'),
(2034, 'F0000100CS'),
(2035, 'F0000100CR'),
(2036, 'F0000100CQ'),
(2037, 'F0000100CP'),
(2038, 'F0000100CO'),
(2039, 'F0000100CN'),
(2040, 'F00000NFS2'),
(2041, 'F0000006L2'),
(2042, 'F00000ZUVE'),
(2043, 'F00000ZUV9'),
(2044, 'F00000ZUUZ'),
(2045, 'F00000ZUUY'),
(2046, 'F00000YB2N'),
(2047, 'F00000YB2M'),
(2048, 'F00000YB2L'),
(2049, 'F00000YB2K'),
(2050, 'F00000XKH9'),
(2051, 'F00000XKH8'),
(2052, 'F00000ZUVH'),
(2053, 'F00000ZUVG'),
(2054, 'F00000ZUVF'),
(2055, 'F000003T9P'),
(2056, 'F000003T9N'),
(2057, 'F000003SY2'),
(2058, 'F000003SY1'),
(2059, 'F000003SXQ'),
(2060, 'F000003SXP'),
(2061, 'F000003SXN'),
(2062, 'F00000ZUVC'),
(2063, 'F00000ZUVB'),
(2064, 'F00000ZUVA'),
(2065, 'F00000MG37'),
(2066, 'F000003T9O'),
(2067, 'F000003SY6'),
(2068, 'F000003SY5'),
(2069, 'F000003SY3'),
(2070, 'F000003SXR'),
(2071, 'F000003SXO'),
(2072, 'F00000ZUVO'),
(2073, 'F00000ZUVN'),
(2074, 'F00000ZUVM'),
(2075, 'F00000ZUVD'),
(2076, 'F00000MG36'),
(2077, 'F00000MG35'),
(2078, 'F00000MG33'),
(2079, 'F000003T9Y'),
(2080, 'F000003T9X'),
(2081, 'F000003T9V'),
(2082, 'F00000ZUVU'),
(2083, 'F00000ZUVP'),
(2084, 'F00000ZUVL'),
(2085, 'F00000ZUVK'),
(2086, 'F00000ZUVJ'),
(2087, 'F00000ZUVI'),
(2088, 'F00000MG34'),
(2089, 'F00000MG32'),
(2090, 'F000003T9Z'),
(2091, 'F000003T9A'),
(2092, 'F00000Z479'),
(2093, 'F00000Z476'),
(2094, 'F00000Z475'),
(2095, 'F00000Z474'),
(2096, 'F00000Z473'),
(2097, 'F00000XP3T'),
(2098, 'F00000XP3S'),
(2099, 'F00000X6A7'),
(2100, 'F00000X6A6'),
(2101, 'F00000X6A5'),
(2102, 'F00000ZA15'),
(2103, 'F00000ZA14'),
(2104, 'F00000Z47D'),
(2105, 'F00000Z47B'),
(2106, 'F00000Z47A'),
(2107, 'F00000Z478'),
(2108, 'F00000Z477'),
(2109, 'F00000VN69'),
(2110, 'F00000VN68'),
(2111, 'F00000LYX9'),
(2112, 'F00000ZA16'),
(2113, 'F00000ZA13'),
(2114, 'F00000ZA0Z'),
(2115, 'F00000ZA0Y'),
(2116, 'F00000ZA0X'),
(2117, 'F00000ZA0W'),
(2118, 'F00000Z47C'),
(2119, 'F00000YS80'),
(2120, 'F00000WHHP'),
(2121, 'F00000WHHO'),
(2122, 'F00000WHI9'),
(2123, 'F00000WHI5'),
(2124, 'F00000WHI4'),
(2125, 'F00000WHI3'),
(2126, 'F00000WHHT'),
(2127, 'F00000WHHS'),
(2128, 'F00000WHHR'),
(2129, 'F00000WHHQ'),
(2130, 'F00000WHHN'),
(2131, 'F00000WHHM'),
(2132, 'F00000ZA1S'),
(2133, 'F00000WHIP'),
(2134, 'F00000WHIL'),
(2135, 'F00000WHIG'),
(2136, 'F00000WHIE'),
(2137, 'F00000WHIC'),
(2138, 'F00000WHIA'),
(2139, 'F00000WHI7'),
(2140, 'F00000WHHV'),
(2141, 'F00000WHHU'),
(2142, 'F00000XDPJ'),
(2143, 'F00000VUKD'),
(2144, 'F00000S5A6'),
(2145, 'F00000S5A5'),
(2146, 'F000003T08'),
(2147, 'F000003T07'),
(2148, 'F000003SO8'),
(2149, 'F000003SO7'),
(2150, 'F000003SNW'),
(2151, 'F000003SNV'),
(2152, 'F00000YCKR'),
(2153, 'F00000YCKQ'),
(2154, 'F00000YCKP'),
(2155, 'F00000YCKN'),
(2156, 'F00000YCKM'),
(2157, 'F00000YCKL'),
(2158, 'F00000YCKK'),
(2159, 'F00000XDPR'),
(2160, 'F00000XDPQ'),
(2161, 'F00000XDPO'),
(2162, 'F00000Z1F6'),
(2163, 'F00000Z1F5'),
(2164, 'F00000Z1F3'),
(2165, 'F00000YU00'),
(2166, 'F00000YCKU'),
(2167, 'F00000YCKT'),
(2168, 'F00000YCKS'),
(2169, 'F00000YCKO'),
(2170, 'F00000PZUC'),
(2171, 'F00000PZUB'),
(2172, 'F00000ZX43'),
(2173, 'F00000YU01'),
(2174, 'F00000YCN8'),
(2175, 'F00000YCN7'),
(2176, 'F00000YCN6'),
(2177, 'F00000QM8K'),
(2178, 'F00000OOF2'),
(2179, 'F00000OOF1'),
(2180, 'F00000OOF0'),
(2181, 'F00000GY3N'),
(2182, 'F00000ZX44'),
(2183, 'F00000ND0P'),
(2184, 'F00000GY3M'),
(2185, 'F00000GY3L'),
(2186, 'F00000GY3K'),
(2187, 'F00000GY3F'),
(2188, 'F00000GY3E'),
(2189, 'F00000GY3D'),
(2190, 'F00000GY3C'),
(2191, 'F00000GY3B'),
(2192, 'F00000ZPX3'),
(2193, 'F00000ZPX2'),
(2194, 'F00000ZPX1'),
(2195, 'F00000ZPX0'),
(2196, 'F00000W6MG'),
(2197, 'F000005I2X'),
(2198, 'F000005I2G'),
(2199, 'F000005I2F'),
(2200, 'F000003SN3'),
(2201, 'F000003SN1'),
(2202, 'F00000ZPWZ'),
(2203, 'F00000W6MH'),
(2204, 'F000005I2I'),
(2205, 'F000005I2H'),
(2206, 'F000003SM3'),
(2207, 'F000003SLZ'),
(2208, 'F000003SLS'),
(2209, 'F000003SLH'),
(2210, 'F000003SLG'),
(2211, 'F000003SLF'),
(2212, 'F00000YZOP'),
(2213, 'F00000SCST'),
(2214, 'F000003SM1'),
(2215, 'F000003SM0'),
(2216, 'F000003SLQ'),
(2217, 'F000003SLP'),
(2218, 'F000003SLN'),
(2219, 'F000003SLM'),
(2220, 'F000003SLL'),
(2221, 'F000003SKX'),
(2222, 'F00000OCYN'),
(2223, 'F00000OCYM'),
(2224, 'F00000OCYL'),
(2225, 'F00000NN14'),
(2226, 'F00000NN0Y'),
(2227, 'F00000NN0X'),
(2228, 'F00000NN0V'),
(2229, 'F00000NN0U'),
(2230, 'F00000NN0T'),
(2231, 'F000003SKC'),
(2232, 'F00000Y4DX'),
(2233, 'F00000NN0N'),
(2234, 'F00000NN0L'),
(2235, 'F00000NN0J'),
(2236, 'F000003SL0'),
(2237, 'F000003SKL'),
(2238, 'F000003SKJ'),
(2239, 'F000003SKH'),
(2240, 'F000003SKG'),
(2241, 'F000003SKF'),
(2242, 'F00000Y7GZ'),
(2243, 'F00000Y7GY'),
(2244, 'F00000VXQK'),
(2245, 'F00000T4PI'),
(2246, 'F000003VU6'),
(2247, 'F000003VU5'),
(2248, 'F000003VU4'),
(2249, 'F000003VU2'),
(2250, 'F000003VTY'),
(2251, 'F000003VTN'),
(2252, 'F00000Z0D9'),
(2253, 'F00000Z0D8'),
(2254, 'F00000YX55'),
(2255, 'F00000YX54'),
(2256, 'F00000Q70F'),
(2257, 'F00000Q70D'),
(2258, 'F000005O3M'),
(2259, 'F000005O3L'),
(2260, 'F000005O3K'),
(2261, 'F000003VT0'),
(2262, 'F00000Z0DB'),
(2263, 'F00000Z0DA'),
(2264, 'F00000YFS9'),
(2265, 'F00000YFS8'),
(2266, 'F00000VCIY'),
(2267, 'F00000Q70C'),
(2268, 'F00000Q70B'),
(2269, 'F00000Q70A'),
(2270, 'F000003VT6'),
(2271, 'F000003VT5'),
(2272, 'F00000Q709'),
(2273, 'F00000Q708'),
(2274, 'F00000Q707'),
(2275, 'F00000Q706'),
(2276, 'F00000Q705'),
(2277, 'F00000Q704'),
(2278, 'F00000PS5O'),
(2279, 'F00000PS5N'),
(2280, 'F00000PS5M'),
(2281, 'F00000P12L'),
(2282, 'F00000Z6EN'),
(2283, 'F00000Z6EM'),
(2284, 'F00000Z6EL'),
(2285, 'F00000Z6EK'),
(2286, 'F00000Z6EJ'),
(2287, 'F00000WSH1'),
(2288, 'F00000PS5L'),
(2289, 'F00000P12K'),
(2290, 'F00000P12J'),
(2291, 'F00000O1UZ'),
(2292, 'F00000J4PG'),
(2293, 'F0000040J3'),
(2294, 'F0000040J2'),
(2295, 'F000003T37'),
(2296, 'F000003T36'),
(2297, 'F000003T35'),
(2298, 'F000003T34'),
(2299, 'F000003T32'),
(2300, 'F000003T30'),
(2301, 'F000003T1X'),
(2302, 'F00000YMQ5'),
(2303, 'F00000YMQ4'),
(2304, 'F000003T2B'),
(2305, 'F000003T29'),
(2306, 'F000003T28'),
(2307, 'F000003T27'),
(2308, 'F000003T1Z'),
(2309, 'F000003T1Y'),
(2310, 'F000003T1W'),
(2311, 'F000003T1V'),
(2312, 'F00000UIUK'),
(2313, 'F000003T2F'),
(2314, 'F000003T1M'),
(2315, 'F000003T1H'),
(2316, 'F000003SPL'),
(2317, 'F000003SPJ'),
(2318, 'F000003SPI'),
(2319, 'F000003SPH'),
(2320, 'F000003SPG'),
(2321, 'F000003SPF'),
(2322, 'F00000XNVQ'),
(2323, 'F00000UIUL'),
(2324, 'F000003T25'),
(2325, 'F000003T21'),
(2326, 'F000003T1T'),
(2327, 'F000003T1Q'),
(2328, 'F000003T1K'),
(2329, 'F000003SPQ'),
(2330, 'F000003SPO'),
(2331, 'F000003SPK'),
(2332, 'F00000YIIL'),
(2333, 'F00000YEAJ'),
(2334, 'F00000YEAH'),
(2335, 'F00000VQB9'),
(2336, 'F000003T26'),
(2337, 'F000003T23'),
(2338, 'F000003T1U'),
(2339, 'F000003T1S'),
(2340, 'F000003T1R'),
(2341, 'F000003SOW'),
(2342, 'F00000ZZMK'),
(2343, 'F00000X2DI'),
(2344, 'F00000X2DH'),
(2345, 'F00000X2DG'),
(2346, 'F00000X2DF'),
(2347, 'F00000X2DE'),
(2348, 'F00000X2DD'),
(2349, 'F00000WYU2'),
(2350, 'F00000WYU1'),
(2351, 'F00000VF1E'),
(2352, 'F00000ZZMM'),
(2353, 'F00000ZZML'),
(2354, 'F00000Y5GQ'),
(2355, 'F00000W7RC'),
(2356, 'F00000W7RB'),
(2357, 'F000002YZ3'),
(2358, 'F000002YZ0'),
(2359, 'F000002YYR'),
(2360, 'F000002YYJ'),
(2361, 'F000002YYH'),
(2362, 'F00000XL7S'),
(2363, 'F00000XL7Q'),
(2364, 'F00000W7RA'),
(2365, 'F00000V8WI'),
(2366, 'F00000V8WF'),
(2367, 'F000002YZ8'),
(2368, 'F000002YZ2'),
(2369, 'F000002YZ1'),
(2370, 'F000002YYW'),
(2371, 'F000002YYS'),
(2372, 'F00000V8WJ'),
(2373, 'F00000V8WH'),
(2374, 'F00000V8WG'),
(2375, 'F000002YZ6'),
(2376, 'F000002YYU'),
(2377, 'F000002YYT'),
(2378, 'F000002YXZ'),
(2379, 'F000002YXY'),
(2380, 'F000002YXX'),
(2381, 'F000002YXW'),
(2382, 'F00000V98Z'),
(2383, 'F00000NJH3'),
(2384, 'F000002YYF'),
(2385, 'F000002YYE'),
(2386, 'F000002YYC'),
(2387, 'F000002YYB'),
(2388, 'F000002YYA'),
(2389, 'F000002YY9'),
(2390, 'F000002YXJ'),
(2391, 'F000002YXI'),
(2392, 'F00000YD97'),
(2393, 'F00000YD93'),
(2394, 'F00000YD92'),
(2395, 'F00000YD91'),
(2396, 'F00000YD90'),
(2397, 'F00000YD8V'),
(2398, 'F00000YD8R'),
(2399, 'F00000YD8Q'),
(2400, 'F00000YD8P'),
(2401, 'F00000Q08K'),
(2402, 'F00000YD99'),
(2403, 'F00000YD96'),
(2404, 'F00000YD95'),
(2405, 'F00000YD94'),
(2406, 'F00000YD8Z'),
(2407, 'F00000YD8Y'),
(2408, 'F00000YD8X'),
(2409, 'F00000YD8W'),
(2410, 'F00000YD8U'),
(2411, 'F00000YD8T'),
(2412, 'F00000ZKDE'),
(2413, 'F00000ZKDD'),
(2414, 'F00000ZKDC'),
(2415, 'F00000ZKDB'),
(2416, 'F00000YTZZ'),
(2417, 'F00000YTZY'),
(2418, 'F00000YD9A'),
(2419, 'F00000YD98'),
(2420, 'F00000QHYX'),
(2421, 'F00000QHYW'),
(2422, 'F00000YTZX'),
(2423, 'F00000WFEO'),
(2424, 'F000005H95'),
(2425, 'F000005H94'),
(2426, 'F000003VZP'),
(2427, 'F000003VZO'),
(2428, 'F000003S43'),
(2429, 'F000003S40'),
(2430, 'F000003S3X'),
(2431, 'F000003S3R'),
(2432, 'F00000ZGKD'),
(2433, 'F00000ZGKC'),
(2434, 'F00000ZGKB'),
(2435, 'F00000ZGKA'),
(2436, 'F00000V77G'),
(2437, 'F00000MIG9'),
(2438, 'F00000MIG7'),
(2439, 'F00000MIG4'),
(2440, 'F00000MIG3'),
(2441, 'F00000MIG2'),
(2442, 'F00000VMT9'),
(2443, 'F00000VMT8'),
(2444, 'F00000TGMZ'),
(2445, 'F00000LYY4'),
(2446, 'F00000LYXZ'),
(2447, 'F00000LYXY'),
(2448, 'F00000LYXX'),
(2449, 'F00000LYXW'),
(2450, 'F00000LYXV'),
(2451, 'F00000LYXS'),
(2452, 'F00000YJE9'),
(2453, 'F00000LYY3'),
(2454, 'F00000LYY2'),
(2455, 'F00000LYY1'),
(2456, 'F00000LYY0'),
(2457, 'F00000LYXT'),
(2458, 'F00000LYXR'),
(2459, 'F00000LYXQ'),
(2460, 'F00000LYXP'),
(2461, 'F00000LYXO'),
(2462, 'F00000Z472'),
(2463, 'F00000X6A4'),
(2464, 'F00000LYXN'),
(2465, 'F00000LYXM'),
(2466, 'F00000LYXL'),
(2467, 'F00000LYXK'),
(2468, 'F00000LYXI'),
(2469, 'F00000LYXG'),
(2470, 'F00000LYXE'),
(2471, 'F00000LYXC'),
(2472, 'F00000JNYW'),
(2473, 'F00000JNYV'),
(2474, 'F00000JNYS'),
(2475, 'F000002YW1'),
(2476, 'F000002YW0'),
(2477, 'F000002YVP'),
(2478, 'F000002YVL'),
(2479, 'F000002YVK'),
(2480, 'F000002YVJ'),
(2481, 'F000002YVE'),
(2482, 'F00000YWND'),
(2483, 'F00000YWNC'),
(2484, 'F00000JNYR'),
(2485, 'F00000JNYQ'),
(2486, 'F000002YW4'),
(2487, 'F000002YW2'),
(2488, 'F000002YVS'),
(2489, 'F000002YVQ'),
(2490, 'F000002YVN'),
(2491, 'F000002YVM');

-- --------------------------------------------------------

--
-- Estructura de tabla para la tabla `anuario_branding`
--

CREATE TABLE `anuario_branding` (
  `id` varchar(15) COLLATE utf8_unicode_ci NOT NULL,
  `nombre` varchar(50) COLLATE utf8_unicode_ci NOT NULL
) ENGINE=InnoDB DEFAULT CHARSET=utf8 COLLATE=utf8_unicode_ci;

--
-- Volcado de datos para la tabla `anuario_branding`
--

INSERT INTO `anuario_branding` (`id`, `nombre`) VALUES
('BN00000826', 'BBVA'),
('BN00000829', 'BCI'),
('BN0000084D', 'Banchile'),
('BN0000084F', 'BICE'),
('BN0000084V', 'BancoEstado'),
('BN000008GT', 'Compass Group'),
('BN000008HS', 'CorpBanca'),
('BN000008P3', 'EuroAmerica'),
('BN000009RO', 'Principal'),
('BN000009Y1', 'Santander'),
('BN000009Z5', 'Security'),
('BN00000AEH', 'Zurich'),
('BN00000AL3', 'Scotia'),
('BN00000AVS', 'Toesca'),
('BN00000C81', 'Larrain Vial'),
('BN00000CKG', 'AFP Modelo'),
('BN00000CVW', 'BTG Pactual'),
('BN00000E3N', 'SURA'),
('BN00000EPZ', 'Itau'),
('BN00000HAU', 'Credicorp Capital'),
('BN00000J2R', 'Vision');

-- --------------------------------------------------------

--
-- Estructura de tabla para la tabla `anuario_broadcategory`
--

CREATE TABLE `anuario_broadcategory` (
  `id` varchar(15) COLLATE utf8_unicode_ci NOT NULL,
  `nombre` varchar(50) COLLATE utf8_unicode_ci NOT NULL
) ENGINE=InnoDB DEFAULT CHARSET=utf8 COLLATE=utf8_unicode_ci;

--
-- Volcado de datos para la tabla `anuario_broadcategory`
--

INSERT INTO `anuario_broadcategory` (`id`, `nombre`) VALUES
('$BCG$ALLOC', 'Allocation'),
('$BCG$ALTER', 'Alternative'),
('$BCG$EQUTY', 'Equity'),
('$BCG$FXINC', 'Fixed Income'),
('$BCG$MISCL', 'Miscellaneous'),
('$BCG$MNMKT', 'Money Market');

-- --------------------------------------------------------

--
-- Estructura de tabla para la tabla `anuario_carteracliente`
--

CREATE TABLE `anuario_carteracliente` (
  `id` int(11) NOT NULL,
  `fecha` date NOT NULL,
  `monto` int(11) NOT NULL,
  `bindex_id` int(11) NOT NULL,
  `cliente_id` int(11) NOT NULL,
  `tipoInversion_id` int(11) NOT NULL
) ENGINE=InnoDB DEFAULT CHARSET=utf8 COLLATE=utf8_unicode_ci;

-- --------------------------------------------------------

--
-- Estructura de tabla para la tabla `anuario_categoria`
--

CREATE TABLE `anuario_categoria` (
  `id` varchar(15) COLLATE utf8_unicode_ci NOT NULL,
  `nombre` varchar(50) COLLATE utf8_unicode_ci NOT NULL,
  `broadCategory_id` varchar(15) COLLATE utf8_unicode_ci NOT NULL,
  `moneda_id` varchar(15) COLLATE utf8_unicode_ci NOT NULL
) ENGINE=InnoDB DEFAULT CHARSET=utf8 COLLATE=utf8_unicode_ci;

--
-- Volcado de datos para la tabla `anuario_categoria`
--

INSERT INTO `anuario_categoria` (`id`, `nombre`, `broadCategory_id`, `moneda_id`) VALUES
('CLCA000001', 'Chile Equity', '$BCG$ALLOC', 'CU$$$$$CLP'),
('CLCA000002', 'USD Money Market', '$BCG$MNMKT', 'CU$$$$$USD'),
('CLCA000003', 'US Equity', '$BCG$EQUTY', 'CU$$$$$CLP'),
('CLCA000004', 'Brazil Equity', '$BCG$EQUTY', 'CU$$$$$CLP'),
('CLCA000005', 'Global Equity', '$BCG$ALLOC', 'CU$$$$$CLP'),
('CLCA000006', 'Asia Equity', '$BCG$EQUTY', 'CU$$$$$USD'),
('CLCA000008', 'Global Emerging Markets Equity', '$BCG$EQUTY', 'CU$$$$$CLP'),
('CLCA000009', 'Cautious Allocation', '$BCG$ALLOC', 'CU$$$$$USD'),
('CLCA000010', 'CLP Short Term Bond', '$BCG$EQUTY', 'CU$$$$$USD'),
('CLCA000011', 'CLP Medium Term Bond', '$BCG$FXINC', 'CU$$$$$CLP'),
('CLCA000012', 'CLP Long Term Bond', '$BCG$FXINC', 'CU$$$$$USD'),
('CLCA000013', 'Latin America Bond', '$BCG$EQUTY', 'CU$$$$$CLP'),
('CLCA000015', 'Other Equity', '$BCG$EQUTY', 'CU$$$$$CLP'),
('CLCA000020', 'Cautious Allocation', '$BCG$ALLOC', 'CU$$$$$CLP'),
('CLCA000021', 'Moderate Allocation', '$BCG$FXINC', 'CU$$$$$CLP'),
('CLCA000022', 'Aggressive Allocation', '$BCG$MNMKT', 'CU$$$$$CLP'),
('CLCA000023', 'CLP Money Market', '$BCG$EQUTY', 'CU$$$$$CLP'),
('CLCA000024', 'Latin America Bond', '$BCG$FXINC', 'CU$$$$$CLP'),
('CLCA000026', 'Global Emerging Markets Bond', '$BCG$FXINC', 'CU$$$$$CLP'),
('CLCA000027', 'Guaranteed Fixed Income', '$BCG$MISCL', 'CU$$$$$CLP'),
('CLCA000028', 'US Equity', '$BCG$EQUTY', 'CU$$$$$CLP'),
('CLCA000030', 'Other', '$BCG$MISCL', 'CU$$$$$CLP'),
('CLCA000031', 'Latin America Equity', '$BCG$EQUTY', 'CU$$$$$CLP'),
('CLCA000032', 'Alternative Strategies', '$BCG$ALTER', 'CU$$$$$CLP');

-- --------------------------------------------------------

--
-- Estructura de tabla para la tabla `anuario_claseactivo`
--

CREATE TABLE `anuario_claseactivo` (
  `bindex_id` int(11) NOT NULL,
  `datos` longtext COLLATE utf8_unicode_ci NOT NULL
) ENGINE=InnoDB DEFAULT CHARSET=utf8 COLLATE=utf8_unicode_ci;

-- --------------------------------------------------------

--
-- Estructura de tabla para la tabla `anuario_cliente`
--

CREATE TABLE `anuario_cliente` (
  `id` int(11) NOT NULL,
  `nombre` varchar(50) COLLATE utf8_unicode_ci NOT NULL
) ENGINE=InnoDB DEFAULT CHARSET=utf8 COLLATE=utf8_unicode_ci;

--
-- Volcado de datos para la tabla `anuario_cliente`
--

INSERT INTO `anuario_cliente` (`id`, `nombre`) VALUES
(1, 'cristian'),
(2, 'benjamin'),
(3, 'andy'),
(4, 'angelo'),
(5, 'kony'),
(6, 'anita'),
(7, 'nelson'),
(8, 'juan'),
(9, 'bastian'),
(10, 'marco'),
(11, 'polo'),
(12, 'felipe'),
(13, 'francisco'),
(14, 'alexis'),
(15, 'fritanga'),
(16, 'arturo'),
(17, 'eduardo'),
(18, 'javier'),
(19, 'charles'),
(20, 'jackson');

-- --------------------------------------------------------

--
-- Estructura de tabla para la tabla `anuario_domicilio`
--

CREATE TABLE `anuario_domicilio` (
  `id` varchar(15) COLLATE utf8_unicode_ci NOT NULL,
  `nombre` varchar(50) COLLATE utf8_unicode_ci NOT NULL
) ENGINE=InnoDB DEFAULT CHARSET=utf8 COLLATE=utf8_unicode_ci;

--
-- Volcado de datos para la tabla `anuario_domicilio`
--

INSERT INTO `anuario_domicilio` (`id`, `nombre`) VALUES
('CU$$$$$CHL', 'Chile');

-- --------------------------------------------------------

--
-- Estructura de tabla para la tabla `anuario_fondo`
--

CREATE TABLE `anuario_fondo` (
  `id` varchar(15) COLLATE utf8_unicode_ci NOT NULL,
  `nombre` varchar(50) COLLATE utf8_unicode_ci NOT NULL,
  `nombre_legal` varchar(50) COLLATE utf8_unicode_ci NOT NULL,
  `fecha_inicio` date NOT NULL,
  `categoria_id` varchar(15) COLLATE utf8_unicode_ci NOT NULL,
  `domicilio_id` varchar(15) COLLATE utf8_unicode_ci NOT NULL,
  `moneda_id` varchar(15) COLLATE utf8_unicode_ci NOT NULL
) ENGINE=InnoDB DEFAULT CHARSET=utf8 COLLATE=utf8_unicode_ci;

--
-- Volcado de datos para la tabla `anuario_fondo`
--

INSERT INTO `anuario_fondo` (`id`, `nombre`, `nombre_legal`, `fecha_inicio`, `categoria_id`, `domicilio_id`, `moneda_id`) VALUES
('FS00008PP3', 'Security Mid Term B', 'Fondo Mutuo Security Mid Term B', '2011-09-05', 'CLCA000010', 'CU$$$$$CHL', 'CU$$$$$CLP'),
('FS000093XF', 'Santander Deuda Latam III', 'Fondo Mutuo Santander Deuda Latam III', '2017-02-28', 'CLCA000013', 'CU$$$$$CHL', 'CU$$$$$CLP'),
('FS0000941L', 'Santander Private Banking Agresivo EJECU', 'Fondo Mutuo Santander Private Banking Agresivo EJE', '2011-12-22', 'CLCA000022', 'CU$$$$$CHL', 'CU$$$$$CLP'),
('FS0000941M', 'Santander Private Banking Moderado EJECU', 'Fondo Mutuo Santander Private Banking Moderado EJE', '2011-12-22', 'CLCA000021', 'CU$$$$$CHL', 'CU$$$$$CLP'),
('FS00009GOL', 'BICE Acciones Mundo Activo D', 'Fondo Mutuo BICE Acciones Mundo Activo D', '2012-04-03', 'CLCA000005', 'CU$$$$$CHL', 'CU$$$$$CLP'),
('FS00009JWT', 'BTG Pactual Renta a Plazo I-APV', 'Fondo Mutuo BTG Pactual Renta a Plazo I-APV', '2012-05-15', 'CLCA000010', 'CU$$$$$CHL', 'CU$$$$$CLP'),
('FS0000A3HX', 'Sura Selección Accs Asia Emrgt D', 'Fondo Mutuo Sura Selección Acciones Asia Emergente', '2013-04-01', 'CLCA000006', 'CU$$$$$CHL', 'CU$$$$$CLP'),
('FS0000A8H5', 'Santander Select Prudente III', 'Fondo Mutuo Santander Select Prudente III', '2016-02-23', 'CLCA000020', 'CU$$$$$CHL', 'CU$$$$$CLP'),
('FS0000ADHP', 'BTG Pactual Global Emergente I-APV', 'Fondo Mutuo BTG Pactual Global Emergente I-APV', '2013-09-30', 'CLCA000008', 'CU$$$$$CHL', 'CU$$$$$CLP'),
('FS0000AFRB', 'Euroamérica Renta Chilena A', 'Fondo Mutuo Euroamérica Renta Chilena A', '2013-11-06', 'CLCA000011', 'CU$$$$$CHL', 'CU$$$$$CLP'),
('FS0000B652', 'BBVA Balanceado Consv América APV', 'Fondo Mutuo BBVA Balanceado Conservador América AP', '2014-10-16', 'CLCA000020', 'CU$$$$$CHL', 'CU$$$$$CLP'),
('FS0000BK1U', 'Security Deuda Corp Latam IG H', 'Fondo Mutuo Security Deuda Corporativa Latinoameri', '2014-12-10', 'CLCA000013', 'CU$$$$$CHL', 'CU$$$$$USD'),
('FS0000BL8H', 'BancoEstado Dólar Disponible B', 'Fondo Mutuo BancoEstado Dólar Disponible B', '2015-03-25', 'CLCA000024', 'CU$$$$$CHL', 'CU$$$$$USD'),
('FS0000BOIP', 'Sura Renta Nominal Chile F', 'Fondo Mutuo Sura Renta Nominal Chile F', '2015-02-09', 'CLCA000011', 'CU$$$$$CHL', 'CU$$$$$CLP'),
('FS0000BXOM', 'LarrainVial Estrategia Agresiva APV', 'Fondo Mutuo LarrainVial Estrategia Agresiva APV', '2015-06-05', 'CLCA000022', 'CU$$$$$CHL', 'CU$$$$$CLP'),
('FS0000BXON', 'BCI Europa Garantizado II UNICA', 'Fondo Mutuo BCI Europa Garantizado II UNICA', '2015-06-04', 'CLCA000027', 'CU$$$$$CHL', 'CU$$$$$CLP'),
('FS0000BXOO', 'BCI Garantizado Depósito 110 UNICA', 'Fondo Mutuo BCI Garantizado Depósito 110 UNICA', '2015-06-04', 'CLCA000027', 'CU$$$$$CHL', 'CU$$$$$CLP'),
('FS0000CNOY', 'Sura Renta Alianza Pacífico AC', 'Fondo Mutuo Sura Renta Alianza Pacífico AC', '2016-08-01', 'CLCA000013', 'CU$$$$$CHL', 'CU$$$$$CLP'),
('FS0000CP2W', 'Santander Deuda Latam Dolar EJECU', 'Fondo Mutuo Santander Deuda Latam Dolar EJECU', '2016-08-16', 'CLCA000013', 'CU$$$$$CHL', 'CU$$$$$USD'),
('FS0000CYGP', 'BCI Estructurado 108 IV UNICA', 'Fondo Mutuo BCI Estructurado 108 IV UNICA', '2016-11-21', 'CLCA000030', 'CU$$$$$CHL', 'CU$$$$$CLP'),
('FS0000D4IL', 'Zurich Valor D', 'Fondo Mutuo Zurich Valor D', '2017-03-07', 'CLCA000011', 'CU$$$$$CHL', 'CU$$$$$CLP'),
('FSUSA07ZPW', 'Sura Renta Corporativa LP AC-APV', 'Fondo Mutuo Sura Renta Corporativa Largo Plazo AC-', '2015-10-08', 'CLCA000012', 'CU$$$$$CHL', 'CU$$$$$CLP'),
('FSUSA07ZQ6', 'Itaú Dinámico S', 'Fondo Mutuo Itaú Dinámico S', '2015-04-29', 'CLCA000011', 'CU$$$$$CHL', 'CU$$$$$CLP'),
('FSUSA07ZTU', 'BTG Pactual Renta Activa C', 'Fondo Mutuo BTG Pactual Renta Activa C', '2013-01-24', 'CLCA000011', 'CU$$$$$CHL', 'CU$$$$$CLP'),
('FSUSA09Y20', 'Security First B', 'Fondo Mutuo Security First B', '2013-04-29', 'CLCA000011', 'CU$$$$$CHL', 'CU$$$$$CLP'),
('FSUSA09Y2B', 'Security Plus I', 'Fondo Mutuo Security Plus I', '2010-02-05', 'CLCA000023', 'CU$$$$$CHL', 'CU$$$$$CLP'),
('FSUSA09Y32', 'Banchile Estratégico D', 'Fondo Mutuo Banchile Estratégico D', '2009-12-09', 'CLCA000012', 'CU$$$$$CHL', 'CU$$$$$CLP'),
('FSUSA09Y3P', 'Banchile Crecimiento E', 'Fondo Mutuo Crecimiento E', '2014-12-11', 'CLCA000010', 'CU$$$$$CHL', 'CU$$$$$CLP'),
('FSUSA09Y4I', 'Banchile Portafolio Activo Defensivo A', 'Fondo Mutuo Portafolio Activo Defensivo A', '2010-07-09', 'CLCA000020', 'CU$$$$$CHL', 'CU$$$$$CLP'),
('FSUSA09Y4X', 'Banchile Estratégia Agresiva C', 'Fondo Mutuo Estratégia Agresiva C', '2011-08-17', 'CLCA000022', 'CU$$$$$CHL', 'CU$$$$$CLP'),
('FSUSA09Y4Z', 'Banchile Inversión Brasil B', 'Fondo Mutuo Inversión Brasil B', '2011-12-19', 'CLCA000009', 'CU$$$$$CHL', 'CU$$$$$CLP'),
('FSUSA09Y50', 'Banchile Inversión China C', 'Fondo Mutuo Inversión China C', '2011-12-19', 'CLCA000031', 'CU$$$$$CHL', 'CU$$$$$CLP'),
('FSUSA09Y51', 'Banchile Portafolio Activo Controlado B1', 'Fondo Mutuo Portafolio Activo Controlado B1', '2017-10-13', 'CLCA000021', 'CU$$$$$CHL', 'CU$$$$$CLP'),
('FSUSA09Y5L', 'Banchile Renta Futura D', 'Fondo Mutuo Renta Futura D', '2009-12-16', 'CLCA000012', 'CU$$$$$CHL', 'CU$$$$$CLP'),
('FSUSA09Y5O', 'Banchile Retorno L.P. UF E', 'Fondo Mutuo Retorno L.P. UF E', '2015-03-18', 'CLCA000012', 'CU$$$$$CHL', 'CU$$$$$CLP'),
('FSUSA09Y65', 'Banchile Utilidades E', 'Fondo Mutuo Utilidades E', '2014-12-11', 'CLCA000010', 'CU$$$$$CHL', 'CU$$$$$CLP'),
('FSUSA09Y7I', 'BBVA Familia PATRI', 'Fondo Mutuo BBVA Familia PATRI', '2008-02-05', 'CLCA000011', 'CU$$$$$CHL', 'CU$$$$$CLP'),
('FSUSA09Y7O', 'BBVA Futuro APV', 'Fondo Mutuo BBVA Futuro APV', '2002-05-01', 'CLCA000012', 'CU$$$$$CHL', 'CU$$$$$CLP'),
('FSUSA09Y8D', 'BBVA Bonos Latam INSTI', 'Fondo Mutuo BBVA Bonos Latam INSTI', '2011-08-05', 'CLCA000013', 'CU$$$$$CHL', 'CU$$$$$USD'),
('FSUSA09Y8K', 'BBVA Corporativo V', 'Fondo Mutuo BBVA Corporativo V', '2007-12-11', 'CLCA000023', 'CU$$$$$CHL', 'CU$$$$$CLP'),
('FSUSA09Y8O', 'BBVA Activa C APV', 'Fondo Mutuo BBVA Activa C APV', '2002-05-01', 'CLCA000021', 'CU$$$$$CHL', 'CU$$$$$CLP'),
('FSUSA09Y8Q', 'BBVA Renta Nominal GLOBA', 'Fondo Mutuo BBVA Renta Nominal GLOBA', '2008-06-20', 'CLCA000011', 'CU$$$$$CHL', 'CU$$$$$CLP'),
('FSUSA09Y8X', 'BBVA USA PAT', 'Fondo Mutuo BBVA USA PAT', '2006-12-21', 'CLCA000003', 'CU$$$$$CHL', 'CU$$$$$CLP'),
('FSUSA09Y91', 'BBVA Valor Plus E', 'Fondo Mutuo BBVA Valor Plus E', '2007-10-11', 'CLCA000010', 'CU$$$$$CHL', 'CU$$$$$CLP'),
('FSUSA09Y99', 'BCI Acciones Presencia Bursátil APV', 'Fondo Mutuo BCI Acciones Presencia Bursátil APV', '2005-02-06', 'CLCA000001', 'CU$$$$$CHL', 'CU$$$$$CLP'),
('FSUSA09Y9D', 'BCI América Latina APV', 'Fondo Mutuo BCI América Latina APV', '2006-05-24', 'CLCA000002', 'CU$$$$$CHL', 'CU$$$$$CLP'),
('FSUSA09Y9F', 'BCI Asia CLASI', 'Fondo Mutuo BCI Asia CLASI', '2007-09-03', 'CLCA000006', 'CU$$$$$CHL', 'CU$$$$$CLP'),
('FSUSA09Y9J', 'BCI Competitivo CLASI', 'Fondo Mutuo BCI Competitivo CLASI', '1997-03-26', 'CLCA000023', 'CU$$$$$CHL', 'CU$$$$$CLP'),
('FSUSA09Y9M', 'BCI Conveniencia CLASI', 'Fondo Mutuo BCI Conveniencia CLASI', '1991-02-28', 'CLCA000011', 'CU$$$$$CHL', 'CU$$$$$CLP'),
('FSUSA09Y9Q', 'BCI De Negocios CLASI', 'Fondo Mutuo BCI de Negocios CLASI', '2004-10-21', 'CLCA000010', 'CU$$$$$CHL', 'CU$$$$$CLP'),
('FSUSA09Y9S', 'BCI De Personas CLASI', 'Fondo Mutuo BCI de Personas CLASI', '1993-06-22', 'CLCA000011', 'CU$$$$$CHL', 'CU$$$$$CLP'),
('FSUSA09Y9Z', 'BCI Depósito Efectivo I', 'Fondo Mutuo BCI Depósito Efectivo I', '2016-02-24', 'CLCA000023', 'CU$$$$$CHL', 'CU$$$$$CLP'),
('FSUSA09YA2', 'BCI Depósito Mensual de Ahorro APV', 'Fondo Mutuo BCI Depósito Mensual de Ahorro APV', '2000-11-02', 'CLCA000011', 'CU$$$$$CHL', 'CU$$$$$CLP'),
('FSUSA09YA9', 'BCI Divisa ALTOP', 'Fondo Mutuo BCI Divisa ALTOP', '2009-04-07', 'CLCA000024', 'CU$$$$$CHL', 'CU$$$$$USD'),
('FSUSA09YAB', 'BCI Dólar Cash ALPAT', 'Fondo Mutuo BCI Dólar Cash ALPAT', '2012-01-03', 'CLCA000024', 'CU$$$$$CHL', 'CU$$$$$USD'),
('FSUSA09YAL', 'BCI Gestión Global Dinámica 20 ALTOP', 'Fondo Mutuo BCI Gestión Global Dinámica 20 ALTOP', '2008-12-12', 'CLCA000020', 'CU$$$$$CHL', 'CU$$$$$CLP'),
('FSUSA09YAO', 'BCI Gestión Global Dinámica 50 APV', 'Fondo Mutuo BCI Gestión Global Dinámica 50 APV', '2009-03-12', 'CLCA000021', 'CU$$$$$CHL', 'CU$$$$$CLP'),
('FSUSA09YAR', 'BCI Gestión Global Dinámica 80 APV', 'Fondo Mutuo BCI Gestión Global Dinámica 80 APV', '2009-03-13', 'CLCA000022', 'CU$$$$$CHL', 'CU$$$$$CLP'),
('FSUSA09YAU', 'BCI Gran Ahorro FAMIL', 'Fondo Mutuo BCI Gran Ahorro FAMIL', '2011-12-02', 'CLCA000012', 'CU$$$$$CHL', 'CU$$$$$CLP'),
('FSUSA09YAW', 'BCI Gran Valor APV', 'Fondo Mutuo BCI Gran Valor APV', '1997-04-03', 'CLCA000012', 'CU$$$$$CHL', 'CU$$$$$CLP'),
('FSUSA09YB1', 'BCI Rendimiento APV', 'Fondo Mutuo BCI Rendimiento APV', '1988-04-30', 'CLCA000023', 'CU$$$$$CHL', 'CU$$$$$CLP'),
('FSUSA09YB4', 'BCI Selección Bursátil CLASI', 'Fondo Mutuo BCI Selección Bursátil CLASI', '2006-05-24', 'CLCA000001', 'CU$$$$$CHL', 'CU$$$$$CLP'),
('FSUSA09YCJ', 'BICE Renta UF G', 'Fondo Mutuo BICE Renta UF G', '2012-09-20', 'CLCA000011', 'CU$$$$$CHL', 'CU$$$$$CLP'),
('FSUSA09YDO', 'BTG Pactual Acciones Asia Emrgt C', 'Fondo Mutuo BTG Pactual Acciones Asia Emergente C', '2005-06-14', 'CLCA000006', 'CU$$$$$CHL', 'CU$$$$$CLP'),
('FSUSA09YM2', 'Corp Más Ingreso F1', 'Fondo Mutuo Corp Más Ingreso F1', '2017-01-13', 'CLCA000030', 'CU$$$$$CHL', 'CU$$$$$CLP'),
('FSUSA09YMF', 'Corp Oportunidad Dólar ME', 'Fondo Mutuo Corp Oportunidad Dólar ME', '2017-01-15', 'CLCA000024', 'CU$$$$$CHL', 'CU$$$$$USD'),
('FSUSA09YMM', 'Corp Selecto Global F2', 'Fondo Mutuo Corp Selecto Global F2', '2017-01-15', 'CLCA000020', 'CU$$$$$CHL', 'CU$$$$$USD'),
('FSUSA09YR5', 'Euroamérica Experto EA-AM', 'Fondo Mutuo Euroamérica Experto EA-AM', '2017-10-11', 'CLCA000020', 'CU$$$$$CHL', 'CU$$$$$CLP'),
('FSUSA09YT3', 'Itaú Corporate C', 'Fondo Mutuo Itaú Corporate C', '2003-07-24', 'CLCA000023', 'CU$$$$$CHL', 'CU$$$$$CLP'),
('FSUSA09YT6', 'Itaú Gestionado Deuda Local APV', 'Fondo Mutuo Itaú Gestionado Deuda Local APV', '2017-01-15', 'CLCA000011', 'CU$$$$$CHL', 'CU$$$$$CLP'),
('FSUSA09YT7', 'Itaú Mix B', 'Fondo Mutuo Itaú Mix B', '2007-10-17', 'CLCA000021', 'CU$$$$$CHL', 'CU$$$$$CLP'),
('FSUSA09YT8', 'Itaú Gestionado Conservador Dólar F2', 'Fondo Mutuo Itaú Gestionado Conservador Dólar F2', '2017-01-15', 'CLCA000020', 'CU$$$$$CHL', 'CU$$$$$USD'),
('FSUSA09YT9', 'Itaú National Equity APV', 'Fondo Mutuo Itaú National Equity APV', '2017-01-15', 'CLCA000001', 'CU$$$$$CHL', 'CU$$$$$CLP'),
('FSUSA09YTB', 'Itaú Latam Corporate F3', 'Fondo Mutuo Itaú Latam Corporate F3', '2017-01-15', 'CLCA000013', 'CU$$$$$CHL', 'CU$$$$$USD'),
('FSUSA09YTD', 'Itaú Select S', 'Fondo Mutuo Itaú Select S', '2017-03-08', 'CLCA000023', 'CU$$$$$CHL', 'CU$$$$$CLP'),
('FSUSA09YTI', 'LarrainVial Ahorro a Plazo I', 'Fondo Mutuo LarrainVial Ahorro A Plazo I', '2006-08-30', 'CLCA000010', 'CU$$$$$CHL', 'CU$$$$$CLP'),
('FSUSA09YTK', 'LarrainVial Acciones Nacionales A', 'Fondo Mutuo LarrainVial Acciones Nacionales A', '1996-11-18', 'CLCA000001', 'CU$$$$$CHL', 'CU$$$$$CLP'),
('FSUSA09YTM', 'LarrainVial Ahorro Estratégico A', 'Fondo Mutuo LarrainVial Ahorro Estratégico A', '2002-08-06', 'CLCA000012', 'CU$$$$$CHL', 'CU$$$$$CLP'),
('FSUSA09YTN', 'LarrainVial Bonos Latam APV', 'Fondo Mutuo LarrainVial Bonos Latam APV', '2007-03-07', 'CLCA000013', 'CU$$$$$CHL', 'CU$$$$$USD'),
('FSUSA09YTO', 'LarrainVial Asia APV', 'Fondo Mutuo LarrainVial Asia APV', '2006-11-30', 'CLCA000006', 'CU$$$$$CHL', 'CU$$$$$USD'),
('FSUSA09YTR', 'LarrainVial Enfoque APV', 'Fondo Mutuo LarrainVial Enfoque APV', '2005-05-16', 'CLCA000001', 'CU$$$$$CHL', 'CU$$$$$CLP'),
('FSUSA09YTS', 'LarrainVial Estados Unidos APV', 'Fondo Mutuo LarrainVial Estados Unidos APV', '2006-09-12', 'CLCA000003', 'CU$$$$$CHL', 'CU$$$$$USD'),
('FSUSA09YTZ', 'LarrainVial Mercado Monetario P', 'Fondo Mutuo LarrainVial Mercado Monetario P', '2011-05-09', 'CLCA000023', 'CU$$$$$CHL', 'CU$$$$$CLP'),
('FSUSA09YU5', 'LarrainVial Hipotecario y Corp P', 'Fondo Mutuo LarrainVial Hipotecario Y Corporativo ', '2011-05-09', 'CLCA000012', 'CU$$$$$CHL', 'CU$$$$$CLP'),
('FSUSA09YUT', 'Principal Progresión Deuda LP C', 'Fondo Mutuo Principal Progresión Deuda Largo Plazo', '1996-07-01', 'CLCA000012', 'CU$$$$$CHL', 'CU$$$$$CLP'),
('FSUSA09YUX', 'Principal Deuda Mediano Plazo G', 'Fondo Mutuo Principal Deuda Mediano Plazo G', '2011-01-28', 'CLCA000011', 'CU$$$$$CHL', 'CU$$$$$CLP'),
('FSUSA09YUY', 'Principal Europe Equity PLAN2', 'Fondo Mutuo Principal Europe Equity PLAN2', '2008-10-06', 'CLCA000004', 'CU$$$$$CHL', 'CU$$$$$CLP'),
('FSUSA09YV0', 'Principal Deuda Corto Plazo B', 'Fondo Mutuo Principal Deuda Corto Plazo B', '2002-10-18', 'CLCA000010', 'CU$$$$$CHL', 'CU$$$$$CLP'),
('FSUSA09YV1', 'Principal Lifetime 2020 PLAN2', 'Fondo Mutuo Principal Lifetime 2020 PLAN2', '2008-10-06', 'CLCA000030', 'CU$$$$$CHL', 'CU$$$$$CLP'),
('FSUSA09YV4', 'Principal Renta Emergente A', 'Fondo Mutuo Principal Renta Emergente A', '2008-04-24', 'CLCA000015', 'CU$$$$$CHL', 'CU$$$$$CLP'),
('FSUSA09YV5', 'Principal USA Equity LP180', 'Fondo Mutuo Principal USA Equity LP180', '2003-09-29', 'CLCA000003', 'CU$$$$$CHL', 'CU$$$$$CLP'),
('FSUSA09YV6', 'Principal Visión Money Market G', 'Fondo Mutuo Principal Visión Money Market G', '1986-04-01', 'CLCA000023', 'CU$$$$$CHL', 'CU$$$$$CLP'),
('FSUSA09YV7', 'Santander C EJECU', 'Fondo Mutuo Santander C EJECU', '2008-05-13', 'CLCA000021', 'CU$$$$$CHL', 'CU$$$$$CLP'),
('FSUSA09YV8', 'Santander A UNIVE', 'Fondo Mutuo Santander A UNIVE', '2008-05-13', 'CLCA000022', 'CU$$$$$CHL', 'CU$$$$$CLP'),
('FSUSA09YV9', 'Santander Acciones Chilenas APV', 'Fondo Mutuo Santander Acciones Chilenas APV', '1995-01-30', 'CLCA000001', 'CU$$$$$CHL', 'CU$$$$$CLP'),
('FSUSA09YVA', 'Santander Acciones Selectas Chile APV', 'Fondo Mutuo Santander Acciones Selectas Chile APV', '2005-05-25', 'CLCA000001', 'CU$$$$$CHL', 'CU$$$$$CLP'),
('FSUSA09YVB', 'Santander Acciones Brasil UNIVE', 'Fondo Mutuo Santander Acciones Brasil UNIVE', '2011-04-04', 'CLCA000009', 'CU$$$$$CHL', 'CU$$$$$CLP'),
('FSUSA09YVG', 'Santander Bonos Nacionales INVER', 'Fondo Mutuo Santander Bonos Nacionales INVER', '2004-01-15', 'CLCA000012', 'CU$$$$$CHL', 'CU$$$$$CLP'),
('FSUSA09YVT', 'Santander Acciones Global Dsrlld III', 'Fondo Mutuo Santander Acciones Global Desarrollado', '2017-02-28', 'CLCA000005', 'CU$$$$$CHL', 'CU$$$$$CLP'),
('FSUSA09YVU', 'Santander Renta Largo Plazo UF III', 'Fondo Mutuo Santander Renta Largo Plazo UF III', '2016-03-23', 'CLCA000011', 'CU$$$$$CHL', 'CU$$$$$CLP'),
('FSUSA09YW3', 'Santander Acciones Global Emrgt III', 'Fondo Mutuo Santander Acciones Global Emergente II', '2017-02-28', 'CLCA000008', 'CU$$$$$CHL', 'CU$$$$$CLP'),
('FSUSA09YX8', 'Zurich Select Global H-APV', 'Fondo Mutuo Zurich Select Global H-APV', '2017-02-21', 'CLCA000005', 'CU$$$$$CHL', 'CU$$$$$CLP'),
('FSUSA09YXP', 'LarrainVial Ahorro Capital F', 'Fondo Mutuo LarrainVial Ahorro Capital F', '2003-07-02', 'CLCA000011', 'CU$$$$$CHL', 'CU$$$$$CLP'),
('FSUSA0A6RW', 'BBVA Activa A APV', 'Fondo Mutuo BBVA Activa A APV', '2009-08-05', 'CLCA000022', 'CU$$$$$CHL', 'CU$$$$$CLP'),
('FSUSA0A6RX', 'BBVA Activa D PATRI', 'Fondo Mutuo BBVA Activa D PATRI', '2009-08-05', 'CLCA000020', 'CU$$$$$CHL', 'CU$$$$$CLP'),
('FSUSA0ADXJ', 'BICE Commodities G', 'Fondo Mutuo BICE Commodities G', '2015-04-29', 'CLCA000028', 'CU$$$$$CHL', 'CU$$$$$CLP'),
('FSUSA0AGSU', 'BCI Brasil ALTOP', 'Fondo Mutuo BCI Brasil ALTOP', '2009-12-02', 'CLCA000009', 'CU$$$$$CHL', 'CU$$$$$CLP'),
('FSUSA0AGSV', 'BBVA Renta Balanceada A', 'Fondo Mutuo BBVA Renta Balanceada A', '2009-11-25', 'CLCA000020', 'CU$$$$$CHL', 'CU$$$$$CLP'),
('FSUSA0AJUW', 'BCI Retorno Nominal CLASI', 'Fondo Mutuo BCI Retorno Nominal CLASI', '2009-12-16', 'CLCA000011', 'CU$$$$$CHL', 'CU$$$$$CLP'),
('FSUSA0AV8D', 'Banchile Renta Variable Chile B', 'Fondo Mutuo Renta Variable Chile B', '2010-05-04', 'CLCA000001', 'CU$$$$$CHL', 'CU$$$$$CLP'),
('FSUSA0B085', 'Security Corporativo A', 'Fondo Mutuo Security Corporativo A', '2010-08-02', 'CLCA000012', 'CU$$$$$CHL', 'CU$$$$$CLP'),
('FSUSA0B0YK', 'Modelo A AFP', 'Modelo A AFP', '2010-08-02', 'CLCA000030', 'CU$$$$$CHL', 'CU$$$$$CLP'),
('FSUSA0B0YL', 'Modelo B AFP', 'Modelo B AFP', '2010-08-02', 'CLCA000030', 'CU$$$$$CHL', 'CU$$$$$CLP'),
('FSUSA0B0YM', 'Modelo C AFP', 'Modelo C AFP', '2010-08-02', 'CLCA000030', 'CU$$$$$CHL', 'CU$$$$$CLP'),
('FSUSA0B0YN', 'Modelo D AFP', 'Modelo D AFP', '2010-08-02', 'CLCA000030', 'CU$$$$$CHL', 'CU$$$$$CLP'),
('FSUSA0B0YO', 'Modelo E AFP', 'Modelo E AFP', '2010-08-02', 'CLCA000030', 'CU$$$$$CHL', 'CU$$$$$CLP'),
('FSUSA0B158', 'BancoEstado BNP Más Renta Bicnt C', 'Fondo Mutuo BancoEstado BNP Paribas Más Renta Bice', '2010-08-19', 'CLCA000011', 'CU$$$$$CHL', 'CU$$$$$CLP'),
('FSUSA0B3XR', 'Banchile Latam Accionario B', 'Fondo Mutuo Latam Accionario B', '2010-09-27', 'CLCA000002', 'CU$$$$$CHL', 'CU$$$$$CLP'),
('FSUSA0B3XS', 'Sura Acciones Chile Calificado F', 'Fondo Mutuo Sura Acciones Chile Calificado F', '2010-10-04', 'CLCA000001', 'CU$$$$$CHL', 'CU$$$$$CLP'),
('FSUSA0BAH0', 'Principal Gestión Estratégica A LP180', 'Fondo Mutuo Principal Gestión Estratégica A LP180', '2011-01-26', 'CLCA000022', 'CU$$$$$CHL', 'CU$$$$$CLP'),
('FSUSA0BAH1', 'Banchile Alianza Pacífico Accionario B', 'Fondo Mutuo Alianza Pacífico Accionario B', '2011-01-25', 'CLCA000002', 'CU$$$$$CHL', 'CU$$$$$CLP');

-- --------------------------------------------------------

--
-- Estructura de tabla para la tabla `anuario_frecuenciadistribucion`
--

CREATE TABLE `anuario_frecuenciadistribucion` (
  `id` int(11) NOT NULL,
  `frecuencia` varchar(50) COLLATE utf8_unicode_ci NOT NULL
) ENGINE=InnoDB DEFAULT CHARSET=utf8 COLLATE=utf8_unicode_ci;

--
-- Volcado de datos para la tabla `anuario_frecuenciadistribucion`
--

INSERT INTO `anuario_frecuenciadistribucion` (`id`, `frecuencia`) VALUES
(1, 'Accumulated'),
(2, 'Income');

-- --------------------------------------------------------

--
-- Estructura de tabla para la tabla `anuario_instrumento`
--

CREATE TABLE `anuario_instrumento` (
  `bindex_id` int(11) NOT NULL,
  `run_svs` varchar(50) COLLATE utf8_unicode_ci NOT NULL,
  `clase_proveedor` varchar(50) COLLATE utf8_unicode_ci NOT NULL,
  `operation_ready` int(11) NOT NULL,
  `branding_id` varchar(15) COLLATE utf8_unicode_ci NOT NULL,
  `fondo_id` varchar(15) COLLATE utf8_unicode_ci NOT NULL,
  `frecuenciaDistribucion_id` int(11) NOT NULL,
  `proveedor_id` varchar(10) COLLATE utf8_unicode_ci NOT NULL,
  `rendimiento_id` varchar(10) COLLATE utf8_unicode_ci NOT NULL,
  `tipoInstrumento_id` varchar(15) COLLATE utf8_unicode_ci NOT NULL
) ENGINE=InnoDB DEFAULT CHARSET=utf8 COLLATE=utf8_unicode_ci;

--
-- Volcado de datos para la tabla `anuario_instrumento`
--

INSERT INTO `anuario_instrumento` (`bindex_id`, `run_svs`, `clase_proveedor`, `operation_ready`, `branding_id`, `fondo_id`, `frecuenciaDistribucion_id`, `proveedor_id`, `rendimiento_id`, `tipoInstrumento_id`) VALUES
(1, 'runSVS1', 'claseProveedor1', 0, 'BN0000084D', 'FSUSA09Y5O', 1, '0C000034SW', '0P00015L1A', '2'),
(2, 'runSVS2', 'claseProveedor2', 0, 'BN000009Z5', 'FS0000BK1U', 1, '0C0000362F', '0P000152GD', '2'),
(3, 'runSVS3', 'claseProveedor3', 0, 'BN0000084F', 'FS00009GOL', 2, '0C00001LIF', '0P0000VUYW', '2'),
(4, 'runSVS4', 'claseProveedor4', 0, 'BN00000826', 'FSUSA09Y8D', 1, '0C00001LDW', '0P0000TX4V', '2'),
(5, 'runSVS5', 'claseProveedor5', 0, 'BN0000084D', 'FSUSA09Y4X', 1, '0C0000362O', '0P0000TX4T', '2'),
(6, 'runSVS6', 'claseProveedor6', 0, 'BN00000EPZ', 'FSUSA09YT3', 2, '0C00001LEA', '0P0000KCZQ', '1'),
(7, 'runSVS7', 'claseProveedor7', 0, 'BN00000829', 'FSUSA09YB4', 2, '0C000020IM', '0P0000KA6D', '1'),
(8, 'runSVS8', 'claseProveedor8', 0, 'BN000009Y1', 'FSUSA09YB1', 2, '0C00003625', '0P0000KA5S', '2'),
(9, 'runSVS9', 'claseProveedor9', 0, 'BN00000C81', 'FSUSA09YB1', 1, '0C000020IY', '0P0000KA5Q', '1'),
(10, 'runSVS10', 'claseProveedor10', 0, 'BN00000E3N', 'FSUSA09YAW', 2, '0C00003623', '0P0000KA5M', '2'),
(11, 'runSVS11', 'claseProveedor11', 0, 'BN00000CVW', 'FS0000941M', 1, '0C00001L4Q', '0P0000V0AO', '2'),
(12, 'runSVS12', 'claseProveedor12', 0, 'BN0000084V', 'FSUSA0AV8D', 2, '0C00006ETR', '0P0000O555', '2'),
(13, 'runSVS13', 'claseProveedor13', 0, 'BN00000CKG', 'FSUSA0AV8D', 2, '0C000034SY', '0P0000O553', '1'),
(14, 'runSVS14', 'claseProveedor14', 0, 'BN000008HS', 'FSUSA09YT7', 1, '0C000020IN', '0P0000KCL9', '2'),
(15, 'runSVS15', 'claseProveedor15', 0, 'BN00000AEH', 'FSUSA09YT7', 1, '0C00003629', '0P0000KCL6', '1'),
(16, 'runSVS16', 'claseProveedor16', 0, 'BN000009RO', 'FSUSA09YXP', 1, '0C00001N96', '0P0000KCJC', '2'),
(17, 'runSVS17', 'claseProveedor17', 0, 'BN000008P3', 'FSUSA09YXP', 2, '0C000051AV', '0P0000KCIT', '1'),
(18, 'runSVS18', 'claseProveedor18', 0, 'BN000008GT', 'FSUSA09YTI', 2, '0C0000362C', '0P0000KCIF', '1'),
(19, 'runSVS19', 'claseProveedor19', 0, 'BN00000AL3', 'FSUSA09YTK', 1, '0C0000APW2', '0P0000KCH5', '2'),
(20, 'runSVS20', 'claseProveedor20', 0, 'BN00000HAU', 'FSUSA09YCJ', 1, '0C0000B54U', '0P0000KA40', '1'),
(21, 'runSVS21', 'claseProveedor21', 0, 'BN00000J2R', 'FS0000941M', 1, '0C000051B2', '0P0000V0AN', '1'),
(22, 'runSVS22', 'claseProveedor22', 0, 'BN00000AVS', 'FS0000941L', 1, '0C000034SW', '0P0000V0AM', '2'),
(23, 'runSVS23', 'claseProveedor23', 0, 'BN0000084D', 'FS0000941L', 2, '0C0000362F', '0P0000V0AL', '1'),
(24, 'runSVS24', 'claseProveedor24', 0, 'BN000009Z5', 'FSUSA09YTM', 2, '0C00001LIF', '0P0000KCKV', '1'),
(25, 'runSVS25', 'claseProveedor25', 0, 'BN0000084F', 'FSUSA09YXP', 1, '0C00001LDW', '0P0000KCIN', '1'),
(26, 'runSVS26', 'claseProveedor26', 0, 'BN00000826', 'FSUSA09YTI', 2, '0C0000362O', '0P0000KCIA', '2'),
(27, 'runSVS27', 'claseProveedor27', 0, 'BN0000084D', 'FSUSA09YTI', 1, '0C00001LEA', '0P0000KCI3', '2'),
(28, 'runSVS28', 'claseProveedor28', 0, 'BN00000EPZ', 'FSUSA09YTI', 2, '0C000020IM', '0P0000KCHZ', '2'),
(29, 'runSVS29', 'claseProveedor29', 0, 'BN00000829', 'FSUSA09YTK', 2, '0C00003625', '0P0000KCHS', '1'),
(30, 'runSVS30', 'claseProveedor30', 0, 'BN000009Y1', 'FSUSA09YTK', 1, '0C000020IY', '0P0000KCHO', '1'),
(31, 'runSVS31', 'claseProveedor31', 0, 'BN00000C81', 'FSUSA09Y65', 2, '0C00003623', '0P000152JR', '2'),
(32, 'runSVS32', 'claseProveedor32', 0, 'BN00000E3N', 'FS0000BK1U', 2, '0C00001L4Q', '0P000152JP', '1'),
(33, 'runSVS33', 'claseProveedor33', 0, 'BN00000CVW', 'FSUSA09Y32', 1, '0C00006ETR', '0P0000MXTH', '1'),
(34, 'runSVS34', 'claseProveedor34', 0, 'BN0000084V', 'FSUSA09Y5L', 1, '0C000034SY', '0P0000MXTF', '2'),
(35, 'runSVS35', 'claseProveedor35', 0, 'BN00000CKG', 'FSUSA0AJUW', 2, '0C000020IN', '0P0000MXTD', '1'),
(36, 'runSVS36', 'claseProveedor36', 0, 'BN000008HS', 'FSUSA09YTS', 1, '0C00003629', '0P0000KCEV', '2'),
(37, 'runSVS37', 'claseProveedor37', 0, 'BN00000AEH', 'FSUSA09YTS', 1, '0C00001N96', '0P0000KCEQ', '1'),
(38, 'runSVS38', 'claseProveedor38', 0, 'BN000009RO', 'FSUSA09YTR', 2, '0C000051AV', '0P0000KCEK', '1'),
(39, 'runSVS39', 'claseProveedor39', 0, 'BN000008P3', 'FSUSA09YTR', 1, '0C0000362C', '0P0000KCEF', '2'),
(40, 'runSVS40', 'claseProveedor40', 0, 'BN000008GT', 'FSUSA09YTN', 1, '0C0000APW2', '0P0000KCE1', '2'),
(41, 'runSVS41', 'claseProveedor41', 0, 'BN00000AL3', 'FSUSA09Y3P', 1, '0C0000B54U', '0P000152JQ', '2'),
(42, 'runSVS42', 'claseProveedor42', 0, 'BN00000HAU', 'FS0000A3HX', 1, '0C000051B2', '0P0000YKD6', '2'),
(43, 'runSVS43', 'claseProveedor43', 0, 'BN00000J2R', 'FS0000A3HX', 2, '0C000034SW', '0P0000YKD5', '2'),
(44, 'runSVS44', 'claseProveedor44', 0, 'BN00000AVS', 'FSUSA09YTS', 2, '0C0000362F', '0P0000KCF2', '2'),
(45, 'runSVS45', 'claseProveedor45', 0, 'BN0000084D', 'FSUSA09YTO', 2, '0C00001LIF', '0P0000KCE3', '1'),
(46, 'runSVS46', 'claseProveedor46', 0, 'BN000009Z5', 'FSUSA09YTO', 2, '0C00001LDW', '0P0000KCE2', '2'),
(47, 'runSVS47', 'claseProveedor47', 0, 'BN0000084F', 'FSUSA09YDO', 1, '0C0000362O', '0P0000KA2H', '2'),
(48, 'runSVS48', 'claseProveedor48', 0, 'BN00000826', 'FSUSA09YDO', 2, '0C00001LEA', '0P0000KA2G', '2'),
(49, 'runSVS49', 'claseProveedor49', 0, 'BN0000084D', 'FSUSA09YDO', 1, '0C000020IM', '0P0000KA2F', '2'),
(50, 'runSVS50', 'claseProveedor50', 0, 'BN00000EPZ', 'FSUSA09YDO', 1, '0C00003625', '0P0000KA2C', '2');

-- --------------------------------------------------------

--
-- Estructura de tabla para la tabla `anuario_moneda`
--

CREATE TABLE `anuario_moneda` (
  `id` varchar(15) COLLATE utf8_unicode_ci NOT NULL,
  `nombre` varchar(50) COLLATE utf8_unicode_ci NOT NULL
) ENGINE=InnoDB DEFAULT CHARSET=utf8 COLLATE=utf8_unicode_ci;

--
-- Volcado de datos para la tabla `anuario_moneda`
--

INSERT INTO `anuario_moneda` (`id`, `nombre`) VALUES
('CU$$$$$CLP', 'Chilean Peso'),
('CU$$$$$EUR', 'Euro'),
('CU$$$$$USD', 'US Dollar');

-- --------------------------------------------------------

--
-- Estructura de tabla para la tabla `anuario_movimiento`
--

CREATE TABLE `anuario_movimiento` (
  `id` int(11) NOT NULL,
  `monto` int(11) NOT NULL,
  `fecha` date NOT NULL,
  `numero_cuotas` int(11) NOT NULL,
  `bindex_id` int(11) NOT NULL,
  `cliente_id` int(11) NOT NULL,
  `tipoInversion_id` int(11) NOT NULL,
  `tipoMovimiento_id` int(11) NOT NULL
) ENGINE=InnoDB DEFAULT CHARSET=utf8 COLLATE=utf8_unicode_ci;

-- --------------------------------------------------------

--
-- Estructura de tabla para la tabla `anuario_pais`
--

CREATE TABLE `anuario_pais` (
  `id` varchar(10) COLLATE utf8_unicode_ci NOT NULL,
  `nombre` varchar(50) COLLATE utf8_unicode_ci NOT NULL
) ENGINE=InnoDB DEFAULT CHARSET=utf8 COLLATE=utf8_unicode_ci;

-- --------------------------------------------------------

--
-- Estructura de tabla para la tabla `anuario_proveedor`
--

CREATE TABLE `anuario_proveedor` (
  `id` varchar(10) COLLATE utf8_unicode_ci NOT NULL,
  `nombre` varchar(50) COLLATE utf8_unicode_ci NOT NULL,
  `run` varchar(50) COLLATE utf8_unicode_ci NOT NULL,
  `datos` longtext COLLATE utf8_unicode_ci NOT NULL
) ENGINE=InnoDB DEFAULT CHARSET=utf8 COLLATE=utf8_unicode_ci;

--
-- Volcado de datos para la tabla `anuario_proveedor`
--

INSERT INTO `anuario_proveedor` (`id`, `nombre`, `run`, `datos`) VALUES
('0C00001L4Q', 'BancoEstado S.A. AGF', '5433', 'JSON11'),
('0C00001LDW', 'BBVA Asset Management AGF S.A.', '5189', 'JSON4'),
('0C00001LEA', 'BCI Asset Management AGF S.A.', '5466', 'JSON6'),
('0C00001LIF', 'Bice Inversiones AGF S.A.', '5076', 'JSON3'),
('0C00001N96', 'Euroamérica AGF S.A.', '6873', 'JSON16'),
('0C000020IM', 'Santander Asset Management S.A. AGF', '6365', 'JSON7'),
('0C000020IN', 'Zurich AGF S.A.', '5316', 'JSON14'),
('0C000020IY', 'AGF Sura S.A.', '6369', 'JSON9'),
('0C000034SW', 'Banchile AGF S.A.', '5895', 'JSON1'),
('0C000034SY', 'CorpBanca AGF S.A.', '6212', 'JSON13'),
('0C00003623', 'BTG Pactual Chile S.A. AGF', '6724', 'JSON10'),
('0C00003625', 'Larrainvial Asset Management AGF S.A.', '5934', 'JSON8'),
('0C00003629', 'Principal AGF S.A.', '6457', 'JSON15'),
('0C0000362C', 'Scotia AGF Chile S.A.', '6201', 'JSON18'),
('0C0000362F', 'AGF Security S.A.', '6675', 'JSON2'),
('0C0000362O', 'Itaú Chile AGF S.A.', '5760', 'JSON5'),
('0C000051AV', 'Compass Group Chile S.A. AGF', '5220', 'JSON17'),
('0C000051B2', 'Toesca S.A. AGF', '6726', 'JSON21'),
('0C00006ETR', 'AFP Modelo S.A.', '6272', 'JSON12'),
('0C0000APW2', 'Credicorp Capital Asset Management S.A. AGF', '5889', 'JSON19'),
('0C0000B54U', 'AGF Vision Advisors S.A.', '6236', 'JSON20');

-- --------------------------------------------------------

--
-- Estructura de tabla para la tabla `anuario_rendimiento`
--

CREATE TABLE `anuario_rendimiento` (
  `id` varchar(10) COLLATE utf8_unicode_ci NOT NULL,
  `estado` int(11) NOT NULL
) ENGINE=InnoDB DEFAULT CHARSET=utf8 COLLATE=utf8_unicode_ci;

--
-- Volcado de datos para la tabla `anuario_rendimiento`
--

INSERT INTO `anuario_rendimiento` (`id`, `estado`) VALUES
('0P00000X8S', 1),
('0P00008595', 1),
('0P000085J5', 1),
('0P000085JL', 1),
('0P000085KC', 1),
('0P000085L4', 1),
('0P000085M3', 1),
('0P000085NS', 1),
('0P000085P1', 1),
('0P000087U8', 1),
('0P000087UI', 1),
('0P000087UN', 1),
('0P000087VI', 1),
('0P000087VO', 1),
('0P000087W9', 1),
('0P000087WO', 1),
('0P000087WP', 1),
('0P000087WS', 1),
('0P000087X4', 1),
('0P000087XL', 1),
('0P000087XN', 1),
('0P000087XT', 1),
('0P000087Y6', 1),
('0P0000881B', 1),
('0P0000881J', 1),
('0P0000883X', 1),
('0P0000884B', 1),
('0P0000884N', 1),
('0P0000885T', 1),
('0P0000K9WA', 1),
('0P0000K9WB', 1),
('0P0000K9WC', 1),
('0P0000K9XA', 1),
('0P0000K9XB', 1),
('0P0000K9XC', 1),
('0P0000K9XE', 1),
('0P0000K9XF', 1),
('0P0000K9YJ', 1),
('0P0000K9YK', 1),
('0P0000K9YM', 1),
('0P0000K9YN', 1),
('0P0000K9YT', 1),
('0P0000K9YU', 1),
('0P0000K9Z0', 1),
('0P0000K9Z1', 1),
('0P0000K9Z9', 1),
('0P0000K9ZA', 1),
('0P0000K9ZB', 1),
('0P0000K9ZE', 1),
('0P0000K9ZF', 1),
('0P0000K9ZG', 1),
('0P0000K9ZL', 1),
('0P0000K9ZM', 1),
('0P0000K9ZO', 1),
('0P0000K9ZU', 1),
('0P0000KA0Y', 1),
('0P0000KA10', 1),
('0P0000KA11', 1),
('0P0000KA14', 1),
('0P0000KA15', 1),
('0P0000KA16', 1),
('0P0000KA17', 1),
('0P0000KA18', 1),
('0P0000KA19', 1),
('0P0000KA1A', 1),
('0P0000KA1B', 1),
('0P0000KA1M', 1),
('0P0000KA1N', 1),
('0P0000KA1O', 1),
('0P0000KA1P', 1),
('0P0000KA1Q', 1),
('0P0000KA20', 1),
('0P0000KA21', 1),
('0P0000KA24', 1),
('0P0000KA25', 1),
('0P0000KA2C', 1),
('0P0000KA2F', 1),
('0P0000KA2G', 1),
('0P0000KA2H', 1),
('0P0000KA2J', 1),
('0P0000KA2L', 1),
('0P0000KA40', 1),
('0P0000KA5L', 1),
('0P0000KA5M', 1),
('0P0000KA5Q', 1),
('0P0000KA5S', 1),
('0P0000KA6D', 1),
('0P0000KA6F', 1),
('0P0000KA6L', 1),
('0P0000KA6N', 1),
('0P0000KA6O', 1),
('0P0000KA6Q', 1),
('0P0000KA6R', 1),
('0P0000KA6T', 1),
('0P0000KA6V', 1),
('0P0000KA6W', 1),
('0P0000KA6Z', 1),
('0P0000KA71', 1),
('0P0000KA73', 1),
('0P0000KA76', 1),
('0P0000KA78', 1),
('0P0000KA79', 1),
('0P0000KA7A', 1),
('0P0000KA7B', 1),
('0P0000KA7C', 1),
('0P0000KA7D', 1),
('0P0000KA7G', 1),
('0P0000KA7I', 1),
('0P0000KA7J', 1),
('0P0000KA7W', 1),
('0P0000KA7Y', 1),
('0P0000KA7Z', 1),
('0P0000KA80', 1),
('0P0000KA82', 1),
('0P0000KA8M', 1),
('0P0000KA92', 1),
('0P0000KA95', 1),
('0P0000KA9A', 1),
('0P0000KA9D', 1),
('0P0000KA9G', 1),
('0P0000KA9H', 1),
('0P0000KA9I', 1),
('0P0000KA9J', 1),
('0P0000KA9T', 1),
('0P0000KA9U', 1),
('0P0000KA9V', 1),
('0P0000KA9X', 1),
('0P0000KAA3', 1),
('0P0000KAA5', 1),
('0P0000KAAK', 1),
('0P0000KAAM', 1),
('0P0000KAAN', 1),
('0P0000KAAO', 1),
('0P0000KAAP', 1),
('0P0000KAAR', 1),
('0P0000KAAU', 1),
('0P0000KAB7', 1),
('0P0000KAE1', 1),
('0P0000KAE3', 1),
('0P0000KAE4', 1),
('0P0000KAE5', 1),
('0P0000KAE6', 1),
('0P0000KAEC', 1),
('0P0000KAED', 1),
('0P0000KAEE', 1),
('0P0000KAEF', 1),
('0P0000KAEG', 1),
('0P0000KAEH', 1),
('0P0000KAEJ', 1),
('0P0000KAEL', 1),
('0P0000KAEM', 1),
('0P0000KAEN', 1),
('0P0000KAEP', 1),
('0P0000KAEQ', 1),
('0P0000KAET', 1),
('0P0000KAEW', 1),
('0P0000KAFA', 1),
('0P0000KAFB', 1),
('0P0000KAFC', 1),
('0P0000KAFD', 1),
('0P0000KAFF', 1),
('0P0000KAFG', 1),
('0P0000KAFH', 1),
('0P0000KAFI', 1),
('0P0000KAFJ', 1),
('0P0000KAFK', 1),
('0P0000KAFL', 1),
('0P0000KAFM', 1),
('0P0000KAFP', 1),
('0P0000KAFR', 1),
('0P0000KAPS', 1),
('0P0000KAQ0', 1),
('0P0000KAQ3', 1),
('0P0000KAQ7', 1),
('0P0000KAQ8', 1),
('0P0000KAQB', 1),
('0P0000KAQE', 1),
('0P0000KAQG', 1),
('0P0000KAQJ', 1),
('0P0000KAQK', 1),
('0P0000KAQM', 1),
('0P0000KAQN', 1),
('0P0000KAQO', 1),
('0P0000KAQQ', 1),
('0P0000KAQR', 1),
('0P0000KAQU', 1),
('0P0000KAQY', 1),
('0P0000KAR0', 1),
('0P0000KAR1', 1),
('0P0000KAR2', 1),
('0P0000KAR3', 1),
('0P0000KAR4', 1),
('0P0000KAR5', 1),
('0P0000KAR6', 1),
('0P0000KAR7', 1),
('0P0000KAR8', 1),
('0P0000KARL', 1),
('0P0000KARO', 1),
('0P0000KARX', 1),
('0P0000KAS7', 1),
('0P0000KAS8', 1),
('0P0000KAS9', 1),
('0P0000KASA', 1),
('0P0000KASB', 1),
('0P0000KASC', 1),
('0P0000KASD', 1),
('0P0000KASE', 1),
('0P0000KASL', 1),
('0P0000KASM', 1),
('0P0000KASN', 1),
('0P0000KASO', 1),
('0P0000KASP', 1),
('0P0000KASQ', 1),
('0P0000KASR', 1),
('0P0000KASS', 1),
('0P0000KAST', 1),
('0P0000KASY', 1),
('0P0000KAT1', 1),
('0P0000KAT3', 1),
('0P0000KAT4', 1),
('0P0000KAT7', 1),
('0P0000KATA', 1),
('0P0000KATC', 1),
('0P0000KATD', 1),
('0P0000KATE', 1),
('0P0000KATT', 1),
('0P0000KATU', 1),
('0P0000KATW', 1),
('0P0000KATX', 1),
('0P0000KAU0', 1),
('0P0000KAU1', 1),
('0P0000KAUL', 1),
('0P0000KAUM', 1),
('0P0000KAUZ', 1),
('0P0000KAV0', 1),
('0P0000KAV6', 1),
('0P0000KAV9', 1),
('0P0000KAVB', 1),
('0P0000KAVC', 1),
('0P0000KAVE', 1),
('0P0000KAVG', 1),
('0P0000KAVN', 1),
('0P0000KAVO', 1),
('0P0000KAVP', 1),
('0P0000KAVQ', 1),
('0P0000KAWM', 1),
('0P0000KAX1', 1),
('0P0000KAXO', 1),
('0P0000KAXU', 1),
('0P0000KAXX', 1),
('0P0000KAY0', 1),
('0P0000KB28', 1),
('0P0000KB29', 1),
('0P0000KB2A', 1),
('0P0000KB2D', 1),
('0P0000KB2G', 1),
('0P0000KB2H', 1),
('0P0000KB2I', 1),
('0P0000KB2J', 1),
('0P0000KB2L', 1),
('0P0000KB2M', 1),
('0P0000KB2N', 1),
('0P0000KB2O', 1),
('0P0000KB2P', 1),
('0P0000KB2Q', 1),
('0P0000KB2R', 1),
('0P0000KB2Y', 1),
('0P0000KB31', 1),
('0P0000KB33', 1),
('0P0000KB35', 1),
('0P0000KB3B', 1),
('0P0000KB3C', 1),
('0P0000KB3D', 1),
('0P0000KB3E', 1),
('0P0000KB3F', 1),
('0P0000KB3G', 1),
('0P0000KB3H', 1),
('0P0000KB3I', 1),
('0P0000KB3J', 1),
('0P0000KB3N', 1),
('0P0000KB3O', 1),
('0P0000KB3P', 1),
('0P0000KB3Q', 1),
('0P0000KB3R', 1),
('0P0000KB3S', 1),
('0P0000KB3T', 1),
('0P0000KB3U', 1),
('0P0000KB3V', 1),
('0P0000KB3Y', 1),
('0P0000KB3Z', 1),
('0P0000KB40', 1),
('0P0000KB4A', 1),
('0P0000KB4B', 1),
('0P0000KB4C', 1),
('0P0000KB4D', 1),
('0P0000KB4E', 1),
('0P0000KB4F', 1),
('0P0000KB4G', 1),
('0P0000KB4H', 1),
('0P0000KB4I', 1),
('0P0000KB4J', 1),
('0P0000KB4K', 1),
('0P0000KB4L', 1),
('0P0000KB4M', 1),
('0P0000KB4N', 1),
('0P0000KB4O', 1),
('0P0000KB4P', 1),
('0P0000KB4Q', 1),
('0P0000KB4R', 1),
('0P0000KB4S', 1),
('0P0000KB4T', 1),
('0P0000KB5F', 1),
('0P0000KB5G', 1),
('0P0000KB5I', 1),
('0P0000KB5J', 1),
('0P0000KB5K', 1),
('0P0000KB5L', 1),
('0P0000KB5N', 1),
('0P0000KB5O', 1),
('0P0000KB5P', 1),
('0P0000KB5R', 1),
('0P0000KB5S', 1),
('0P0000KB5T', 1),
('0P0000KB5U', 1),
('0P0000KB5V', 1),
('0P0000KB5W', 1),
('0P0000KB5X', 1),
('0P0000KB62', 1),
('0P0000KB63', 1),
('0P0000KB6D', 1),
('0P0000KB6M', 1),
('0P0000KB6O', 1),
('0P0000KB6Q', 1),
('0P0000KB6R', 1),
('0P0000KB6T', 1),
('0P0000KB6X', 1),
('0P0000KB70', 1),
('0P0000KB72', 1),
('0P0000KB76', 1),
('0P0000KB7A', 1),
('0P0000KB7B', 1),
('0P0000KB7C', 1),
('0P0000KB7D', 1),
('0P0000KB7F', 1),
('0P0000KB7H', 1),
('0P0000KB7J', 1),
('0P0000KB7N', 1),
('0P0000KB7P', 1),
('0P0000KB7U', 1),
('0P0000KB7Y', 1),
('0P0000KB80', 1),
('0P0000KB82', 1),
('0P0000KB85', 1),
('0P0000KB86', 1),
('0P0000KB8A', 1),
('0P0000KB8C', 1),
('0P0000KB8Y', 1),
('0P0000KBB3', 1),
('0P0000KBBI', 1),
('0P0000KBBV', 1),
('0P0000KBC3', 1),
('0P0000KBC4', 1),
('0P0000KBC6', 1),
('0P0000KBC7', 1),
('0P0000KBC9', 1),
('0P0000KBCA', 1),
('0P0000KBCB', 1),
('0P0000KBCC', 1),
('0P0000KBCE', 1),
('0P0000KBCI', 1),
('0P0000KBCM', 1),
('0P0000KBCT', 1),
('0P0000KBCX', 1),
('0P0000KBD1', 1),
('0P0000KBD5', 1),
('0P0000KBDB', 1),
('0P0000KBDQ', 1),
('0P0000KBDR', 1),
('0P0000KBE2', 1),
('0P0000KBEC', 1),
('0P0000KBEF', 1),
('0P0000KBEG', 1),
('0P0000KBEH', 1),
('0P0000KBEJ', 1),
('0P0000KBEL', 1),
('0P0000KBEM', 1),
('0P0000KBEN', 1),
('0P0000KBEP', 1),
('0P0000KBEX', 1),
('0P0000KBF0', 1),
('0P0000KBFG', 1),
('0P0000KBFH', 1),
('0P0000KBFI', 1),
('0P0000KBFM', 1),
('0P0000KBFN', 1),
('0P0000KBFO', 1),
('0P0000KBFQ', 1),
('0P0000KBFR', 1),
('0P0000KBFT', 1),
('0P0000KBG1', 1),
('0P0000KBG2', 1),
('0P0000KBG3', 1),
('0P0000KBG5', 1),
('0P0000KBH0', 1),
('0P0000KBH1', 1),
('0P0000KBH2', 1),
('0P0000KBH4', 1),
('0P0000KBHU', 1),
('0P0000KBI8', 1),
('0P0000KBIA', 1),
('0P0000KBIE', 1),
('0P0000KBIF', 1),
('0P0000KBIH', 1),
('0P0000KBII', 1),
('0P0000KBIJ', 1),
('0P0000KBIK', 1),
('0P0000KBIL', 1),
('0P0000KBIM', 1),
('0P0000KBIN', 1),
('0P0000KBIO', 1),
('0P0000KBIP', 1),
('0P0000KBIQ', 1),
('0P0000KBIS', 1),
('0P0000KBIT', 1),
('0P0000KBIU', 1),
('0P0000KBIV', 1),
('0P0000KBIW', 1),
('0P0000KBIX', 1),
('0P0000KBIY', 1),
('0P0000KBIZ', 1),
('0P0000KBJ0', 1),
('0P0000KBJ1', 1),
('0P0000KBJ2', 1),
('0P0000KBJ3', 1),
('0P0000KBJ4', 1),
('0P0000KBJ7', 1),
('0P0000KBJ8', 1),
('0P0000KBJ9', 1),
('0P0000KBJA', 1),
('0P0000KBJB', 1),
('0P0000KBJD', 1),
('0P0000KBJE', 1),
('0P0000KBJF', 1),
('0P0000KBJG', 1),
('0P0000KBJH', 1),
('0P0000KBJI', 1),
('0P0000KBJJ', 1),
('0P0000KBJK', 1),
('0P0000KBJL', 1),
('0P0000KBJN', 1),
('0P0000KBJP', 1),
('0P0000KBJQ', 1),
('0P0000KBJR', 1),
('0P0000KBJS', 1),
('0P0000KBJT', 1),
('0P0000KBJU', 1),
('0P0000KBJV', 1),
('0P0000KBJW', 1),
('0P0000KBJX', 1),
('0P0000KBJY', 1),
('0P0000KBJZ', 1),
('0P0000KBK0', 1),
('0P0000KBK1', 1),
('0P0000KBK3', 1),
('0P0000KBKC', 1),
('0P0000KBKD', 1),
('0P0000KBKE', 1),
('0P0000KBKF', 1),
('0P0000KBKH', 1),
('0P0000KBKI', 1),
('0P0000KBKJ', 1),
('0P0000KBKM', 1),
('0P0000KBKO', 1),
('0P0000KBTO', 1),
('0P0000KBTS', 1),
('0P0000KBTW', 1),
('0P0000KBU0', 1),
('0P0000KBU3', 1),
('0P0000KBUH', 1),
('0P0000KBUI', 1),
('0P0000KBUL', 1),
('0P0000KBUM', 1),
('0P0000KBUO', 1),
('0P0000KBUP', 1),
('0P0000KBUQ', 1),
('0P0000KBUR', 1),
('0P0000KBUS', 1),
('0P0000KBV3', 1),
('0P0000KBV4', 1),
('0P0000KBV5', 1),
('0P0000KBV7', 1),
('0P0000KBV8', 1),
('0P0000KBWJ', 1),
('0P0000KBWX', 1),
('0P0000KBWY', 1),
('0P0000KBX8', 1),
('0P0000KBX9', 1),
('0P0000KBXA', 1),
('0P0000KBXB', 1),
('0P0000KBXC', 1),
('0P0000KBXD', 1),
('0P0000KBXF', 1),
('0P0000KBXJ', 1),
('0P0000KBXK', 1),
('0P0000KBXP', 1),
('0P0000KBXS', 1),
('0P0000KBXY', 1),
('0P0000KBXZ', 1),
('0P0000KBY0', 1),
('0P0000KBY1', 1),
('0P0000KBY3', 1),
('0P0000KBY4', 1),
('0P0000KBYN', 1),
('0P0000KBYP', 1),
('0P0000KBYS', 1),
('0P0000KBYX', 1),
('0P0000KBYY', 1),
('0P0000KBYZ', 1),
('0P0000KBZ0', 1),
('0P0000KBZ1', 1),
('0P0000KBZ2', 1),
('0P0000KBZ3', 1),
('0P0000KBZ4', 1),
('0P0000KBZ5', 1),
('0P0000KBZ6', 1),
('0P0000KBZ8', 1),
('0P0000KBZA', 1),
('0P0000KBZC', 1),
('0P0000KBZD', 1),
('0P0000KBZE', 1),
('0P0000KBZF', 1),
('0P0000KBZG', 1),
('0P0000KBZH', 1),
('0P0000KBZN', 1),
('0P0000KBZO', 1),
('0P0000KBZP', 1),
('0P0000KBZQ', 1),
('0P0000KBZR', 1),
('0P0000KBZS', 1),
('0P0000KBZU', 1),
('0P0000KC08', 1),
('0P0000KC09', 1),
('0P0000KC0A', 1),
('0P0000KC0B', 1),
('0P0000KC0C', 1),
('0P0000KC0D', 1),
('0P0000KC0E', 1),
('0P0000KC0F', 1),
('0P0000KC0V', 1),
('0P0000KC0W', 1),
('0P0000KC0X', 1),
('0P0000KC1M', 1),
('0P0000KC1O', 1),
('0P0000KC1P', 1),
('0P0000KC1Q', 1),
('0P0000KC2E', 1),
('0P0000KC2F', 1),
('0P0000KC2J', 1),
('0P0000KC2K', 1),
('0P0000KC2L', 1),
('0P0000KC2S', 1),
('0P0000KC2T', 1),
('0P0000KC2U', 1),
('0P0000KC2V', 1),
('0P0000KC2W', 1),
('0P0000KC2X', 1),
('0P0000KC2Z', 1),
('0P0000KC30', 1),
('0P0000KC32', 1),
('0P0000KC33', 1),
('0P0000KC34', 1),
('0P0000KC35', 1),
('0P0000KC36', 1),
('0P0000KC37', 1),
('0P0000KC38', 1),
('0P0000KC39', 1),
('0P0000KC3A', 1),
('0P0000KC3B', 1),
('0P0000KC3D', 1),
('0P0000KC3E', 1),
('0P0000KC3F', 1),
('0P0000KC3G', 1),
('0P0000KC3I', 1),
('0P0000KC3J', 1),
('0P0000KC3M', 1),
('0P0000KC3N', 1),
('0P0000KC3P', 1),
('0P0000KC3Q', 1),
('0P0000KC3R', 1),
('0P0000KC3S', 1),
('0P0000KC3T', 1),
('0P0000KC3U', 1),
('0P0000KC3V', 1),
('0P0000KC3W', 1),
('0P0000KC3X', 1),
('0P0000KC3Y', 1),
('0P0000KC41', 1),
('0P0000KC42', 1),
('0P0000KC43', 1),
('0P0000KC45', 1),
('0P0000KC46', 1),
('0P0000KC47', 1),
('0P0000KC48', 1),
('0P0000KC49', 1),
('0P0000KC4A', 1),
('0P0000KC4B', 1),
('0P0000KC4D', 1),
('0P0000KC4E', 1),
('0P0000KC4G', 1),
('0P0000KC4H', 1),
('0P0000KC4I', 1),
('0P0000KC4J', 1),
('0P0000KC4P', 1),
('0P0000KC4Q', 1),
('0P0000KC4R', 1),
('0P0000KC4S', 1),
('0P0000KC4T', 1),
('0P0000KC4U', 1),
('0P0000KC4V', 1),
('0P0000KC4W', 1),
('0P0000KC4X', 1),
('0P0000KC50', 1),
('0P0000KC51', 1),
('0P0000KC52', 1),
('0P0000KC53', 1),
('0P0000KC54', 1),
('0P0000KC55', 1),
('0P0000KC5C', 1),
('0P0000KC5D', 1),
('0P0000KC5E', 1),
('0P0000KC5G', 1),
('0P0000KC5H', 1),
('0P0000KC5M', 1),
('0P0000KC5N', 1),
('0P0000KC5O', 1),
('0P0000KC5P', 1),
('0P0000KC5R', 1),
('0P0000KC5T', 1),
('0P0000KC5U', 1),
('0P0000KC5V', 1),
('0P0000KC5W', 1),
('0P0000KC5Y', 1),
('0P0000KC5Z', 1),
('0P0000KC60', 1),
('0P0000KC6X', 1),
('0P0000KC6Y', 1),
('0P0000KC6Z', 1),
('0P0000KC70', 1),
('0P0000KC71', 1),
('0P0000KC72', 1),
('0P0000KC73', 1),
('0P0000KC74', 1),
('0P0000KC75', 1),
('0P0000KC76', 1),
('0P0000KC77', 1),
('0P0000KC78', 1),
('0P0000KC7A', 1),
('0P0000KC7B', 1),
('0P0000KC7E', 1),
('0P0000KC7F', 1),
('0P0000KC7G', 1),
('0P0000KC7H', 1),
('0P0000KC7I', 1),
('0P0000KC7J', 1),
('0P0000KC7K', 1),
('0P0000KC7L', 1),
('0P0000KC7M', 1),
('0P0000KC7N', 1),
('0P0000KC7O', 1),
('0P0000KC7Q', 1),
('0P0000KC7R', 1),
('0P0000KC7S', 1),
('0P0000KC7T', 1),
('0P0000KC7U', 1),
('0P0000KC7V', 1),
('0P0000KC7W', 1),
('0P0000KC7X', 1),
('0P0000KC7Y', 1),
('0P0000KC7Z', 1),
('0P0000KC80', 1),
('0P0000KC81', 1),
('0P0000KC82', 1),
('0P0000KC83', 1),
('0P0000KC89', 1),
('0P0000KC8C', 1),
('0P0000KC8D', 1),
('0P0000KC8E', 1),
('0P0000KC8G', 1),
('0P0000KC8H', 1),
('0P0000KC8J', 1),
('0P0000KC8M', 1),
('0P0000KC8N', 1),
('0P0000KC8Q', 1),
('0P0000KC8T', 1),
('0P0000KC8U', 1),
('0P0000KC8V', 1),
('0P0000KC8W', 1),
('0P0000KC8Y', 1),
('0P0000KCAF', 1),
('0P0000KCAG', 1),
('0P0000KCAH', 1),
('0P0000KCAV', 1),
('0P0000KCAW', 1),
('0P0000KCAX', 1),
('0P0000KCBE', 1),
('0P0000KCCJ', 1),
('0P0000KCCK', 1),
('0P0000KCCM', 1),
('0P0000KCCN', 1),
('0P0000KCCO', 1),
('0P0000KCCT', 1),
('0P0000KCCV', 1),
('0P0000KCCW', 1),
('0P0000KCCX', 1),
('0P0000KCCY', 1),
('0P0000KCCZ', 1),
('0P0000KCD0', 1),
('0P0000KCD2', 1),
('0P0000KCD3', 1),
('0P0000KCDF', 1),
('0P0000KCDG', 1),
('0P0000KCDI', 1),
('0P0000KCDV', 1),
('0P0000KCDW', 1),
('0P0000KCDX', 1),
('0P0000KCDY', 1),
('0P0000KCE0', 1),
('0P0000KCE1', 1),
('0P0000KCE2', 1),
('0P0000KCE3', 1),
('0P0000KCE5', 1),
('0P0000KCEF', 1),
('0P0000KCEK', 1),
('0P0000KCEQ', 1),
('0P0000KCEV', 1),
('0P0000KCF2', 1),
('0P0000KCH5', 1),
('0P0000KCHO', 1),
('0P0000KCHS', 1),
('0P0000KCHZ', 1),
('0P0000KCI3', 1),
('0P0000KCIA', 1),
('0P0000KCIF', 1),
('0P0000KCIN', 1),
('0P0000KCIT', 1),
('0P0000KCJC', 1),
('0P0000KCKV', 1),
('0P0000KCL6', 1),
('0P0000KCL9', 1),
('0P0000KCZQ', 1),
('0P0000KNC5', 1),
('0P0000KNCA', 1),
('0P0000KNCB', 1),
('0P0000KNCT', 1),
('0P0000KNFB', 1),
('0P0000KNHQ', 1),
('0P0000KNHS', 1),
('0P0000KNHU', 1),
('0P0000KNHV', 1),
('0P0000KNJW', 1),
('0P0000KNM4', 1),
('0P0000KNOT', 1),
('0P0000KNOX', 1),
('0P0000KNOY', 1),
('0P0000KO4T', 1),
('0P0000KO4V', 1),
('0P0000KTL0', 1),
('0P0000KUA5', 1),
('0P0000KUA6', 1),
('0P0000KUA7', 1),
('0P0000KUAH', 1),
('0P0000KUAI', 1),
('0P0000KUAJ', 1),
('0P0000KUAM', 1),
('0P0000KUAN', 1),
('0P0000KUAP', 1),
('0P0000KUAQ', 1),
('0P0000KUAR', 1),
('0P0000KUB8', 1),
('0P0000KUFO', 1),
('0P0000KUFP', 1),
('0P0000KUFQ', 1),
('0P0000KXDT', 1),
('0P0000KXDV', 1),
('0P0000KXDW', 1),
('0P0000KXDY', 1),
('0P0000KXE1', 1),
('0P0000KXE2', 1),
('0P0000KXE3', 1),
('0P0000KXEJ', 1),
('0P0000KXEK', 1),
('0P0000KXHL', 1),
('0P0000KXHM', 1),
('0P0000KXHN', 1),
('0P0000KXHO', 1),
('0P0000KXHP', 1),
('0P0000KXHQ', 1),
('0P0000KXHR', 1),
('0P0000KXHS', 1),
('0P0000KXHT', 1),
('0P0000KXHU', 1),
('0P0000KXHV', 1),
('0P0000KXHW', 1),
('0P0000KY4N', 1),
('0P0000KY4O', 1),
('0P0000KY9C', 1),
('0P0000LZP7', 1),
('0P0000LZPI', 1),
('0P0000LZPJ', 1),
('0P0000M1LM', 1),
('0P0000M4B1', 1),
('0P0000M4B5', 1),
('0P0000M4B7', 1),
('0P0000M4B8', 1),
('0P0000M4B9', 1),
('0P0000M4BA', 1),
('0P0000M4BB', 1),
('0P0000M4BC', 1),
('0P0000M4BF', 1),
('0P0000M4BG', 1),
('0P0000M4BH', 1),
('0P0000M4BL', 1),
('0P0000M5HK', 1),
('0P0000M5HM', 1),
('0P0000MLF0', 1),
('0P0000MLF1', 1),
('0P0000MOIM', 1),
('0P0000MOIN', 1),
('0P0000MOIO', 1),
('0P0000MOIP', 1),
('0P0000MOJ2', 1),
('0P0000MOJ3', 1),
('0P0000MOJ4', 1),
('0P0000MOJ5', 1),
('0P0000MPZT', 1),
('0P0000MPZU', 1),
('0P0000MQ03', 1),
('0P0000MQ11', 1),
('0P0000MTTM', 1),
('0P0000MTU1', 1),
('0P0000MTU4', 1),
('0P0000MTU7', 1),
('0P0000MTU8', 1),
('0P0000MTU9', 1),
('0P0000MXTB', 1),
('0P0000MXTC', 1),
('0P0000MXTD', 1),
('0P0000MXTF', 1),
('0P0000MXTH', 1),
('0P0000N0W0', 1),
('0P0000N0W1', 1),
('0P0000N0W2', 1),
('0P0000N0W3', 1),
('0P0000N0W4', 1),
('0P0000N0W5', 1),
('0P0000N0W6', 1),
('0P0000N0W7', 1),
('0P0000N0W8', 1),
('0P0000N0W9', 1),
('0P0000N3YE', 1),
('0P0000N3YH', 1),
('0P0000N3YI', 1),
('0P0000N3YJ', 1),
('0P0000N3YK', 1),
('0P0000N3YL', 1),
('0P0000N3YM', 1),
('0P0000N99Z', 1),
('0P0000N9A0', 1),
('0P0000NARG', 1),
('0P0000NDVA', 1),
('0P0000NDVB', 1),
('0P0000NDVC', 1),
('0P0000NDVD', 1),
('0P0000NDVE', 1),
('0P0000NDVF', 1),
('0P0000NDVG', 1),
('0P0000NDVH', 1),
('0P0000NDVI', 1),
('0P0000NDVJ', 1),
('0P0000NDVK', 1),
('0P0000NDVL', 1),
('0P0000NDVM', 1),
('0P0000NDVN', 1),
('0P0000NDVO', 1),
('0P0000NDVP', 1),
('0P0000NDVQ', 1),
('0P0000NDVR', 1),
('0P0000NDVS', 1),
('0P0000NDVT', 1),
('0P0000NDVU', 1),
('0P0000NDVV', 1),
('0P0000NDVW', 1),
('0P0000NDVX', 1),
('0P0000NHI2', 1),
('0P0000NHI3', 1),
('0P0000NHI4', 1),
('0P0000NP4B', 1),
('0P0000O553', 1),
('0P0000O555', 1),
('0P0000OM3R', 1),
('0P0000OM3S', 1),
('0P0000OM3T', 1),
('0P0000OOPI', 1),
('0P0000OOPJ', 1),
('0P0000P2FK', 1),
('0P0000P6FY', 1),
('0P0000P6GI', 1),
('0P0000PNVU', 1),
('0P0000PPG3', 1),
('0P0000PPG4', 1),
('0P0000PPG5', 1),
('0P0000PPG8', 1),
('0P0000PPG9', 1),
('0P0000PPGA', 1),
('0P0000PT8G', 1),
('0P0000PT8H', 1),
('0P0000PT8I', 1),
('0P0000PT8J', 1),
('0P0000PT8K', 1),
('0P0000PTMX', 1),
('0P0000PTMY', 1),
('0P0000PTMZ', 1),
('0P0000PTN0', 1),
('0P0000PUM4', 1),
('0P0000PW7Z', 1),
('0P0000PW81', 1),
('0P0000PW84', 1),
('0P0000PW85', 1),
('0P0000PYKL', 1),
('0P0000PYKM', 1),
('0P0000PYKO', 1),
('0P0000PYKR', 1),
('0P0000PYKS', 1),
('0P0000PYKT', 1),
('0P0000Q4CE', 1),
('0P0000Q4CF', 1),
('0P0000Q4CJ', 1),
('0P0000Q4CK', 1),
('0P0000Q4CL', 1),
('0P0000RT14', 1),
('0P0000RZHI', 1),
('0P0000RZHJ', 1),
('0P0000S1SC', 1),
('0P0000S9QJ', 1),
('0P0000S9QK', 1),
('0P0000S9QM', 1),
('0P0000SCJS', 1),
('0P0000SCJT', 1),
('0P0000SCJU', 1),
('0P0000SCJV', 1),
('0P0000SCJW', 1),
('0P0000SCJX', 1),
('0P0000SCJY', 1),
('0P0000SCJZ', 1),
('0P0000SCK0', 1),
('0P0000SCK1', 1),
('0P0000SCK3', 1),
('0P0000SCK4', 1),
('0P0000SDCQ', 1),
('0P0000SDCR', 1),
('0P0000SDCS', 1),
('0P0000SDCT', 1),
('0P0000SDCU', 1),
('0P0000SDCV', 1),
('0P0000SDCX', 1),
('0P0000SDCY', 1),
('0P0000SDCZ', 1),
('0P0000SDMB', 1),
('0P0000SDME', 1),
('0P0000SDMG', 1),
('0P0000SDMI', 1),
('0P0000SDMK', 1),
('0P0000SDMM', 1),
('0P0000SDMN', 1),
('0P0000SDMO', 1),
('0P0000SDMP', 1),
('0P0000SDMQ', 1),
('0P0000SDMR', 1),
('0P0000SDMS', 1),
('0P0000SDMT', 1),
('0P0000SDMU', 1),
('0P0000SDMV', 1),
('0P0000SDMX', 1),
('0P0000SDMY', 1),
('0P0000SDMZ', 1),
('0P0000SDN0', 1),
('0P0000SDN1', 1),
('0P0000SDN2', 1),
('0P0000SDN3', 1),
('0P0000SDN4', 1),
('0P0000SDN5', 1),
('0P0000SDN6', 1),
('0P0000SDRW', 1),
('0P0000SHS5', 1),
('0P0000SHS6', 1),
('0P0000SHS7', 1),
('0P0000SHS8', 1),
('0P0000SHS9', 1),
('0P0000SHSA', 1),
('0P0000SHSB', 1),
('0P0000SHSC', 1),
('0P0000SHSD', 1),
('0P0000SHSE', 1),
('0P0000SHSF', 1),
('0P0000SHSG', 1),
('0P0000SJ4O', 1),
('0P0000SJ4P', 1),
('0P0000SJ4Q', 1),
('0P0000SJ4R', 1),
('0P0000SJ4S', 1),
('0P0000SKSO', 1),
('0P0000SPWB', 1),
('0P0000SPWH', 1),
('0P0000SPWI', 1),
('0P0000SPWJ', 1),
('0P0000STAB', 1),
('0P0000STAD', 1),
('0P0000SUJS', 1),
('0P0000SUJT', 1),
('0P0000SVUJ', 1),
('0P0000SVUK', 1),
('0P0000SVUL', 1),
('0P0000SVUM', 1),
('0P0000SVUN', 1),
('0P0000SVUO', 1),
('0P0000SVUQ', 1),
('0P0000SVUR', 1),
('0P0000SVUS', 1),
('0P0000SVUT', 1),
('0P0000TD3R', 1),
('0P0000TD3S', 1),
('0P0000TD3T', 1),
('0P0000TD3U', 1),
('0P0000TD3V', 1),
('0P0000TD3W', 1),
('0P0000TFHA', 1),
('0P0000TFHE', 1),
('0P0000TFHF', 1),
('0P0000TFVX', 1),
('0P0000TFW1', 1),
('0P0000TFW2', 1),
('0P0000TFW3', 1),
('0P0000TFW4', 1),
('0P0000TFW5', 1),
('0P0000TFW6', 1),
('0P0000TFWB', 1),
('0P0000TFWC', 1),
('0P0000TFWE', 1),
('0P0000TG5U', 1),
('0P0000TG5V', 1),
('0P0000TG5W', 1),
('0P0000TG5Z', 1),
('0P0000TG61', 1),
('0P0000TG62', 1),
('0P0000TG63', 1),
('0P0000TG64', 1),
('0P0000TG67', 1),
('0P0000TG68', 1),
('0P0000TRK0', 1),
('0P0000TRK1', 1),
('0P0000TRK2', 1),
('0P0000TRK4', 1),
('0P0000TRK5', 1),
('0P0000TRK6', 1),
('0P0000TX4T', 1),
('0P0000TX4V', 1),
('0P0000U2KU', 1),
('0P0000U2KV', 1),
('0P0000U8O7', 1),
('0P0000U8O8', 1),
('0P0000U8O9', 1),
('0P0000U8OA', 1),
('0P0000UG7P', 1),
('0P0000UG7Q', 1),
('0P0000UG7R', 1),
('0P0000UG7S', 1),
('0P0000UG7T', 1),
('0P0000UN6X', 1),
('0P0000UN6Y', 1),
('0P0000UN70', 1),
('0P0000UOXU', 1),
('0P0000UOXV', 1),
('0P0000UOXX', 1),
('0P0000UOXY', 1),
('0P0000UTR9', 1),
('0P0000UTRE', 1),
('0P0000UUUN', 1),
('0P0000UUUP', 1),
('0P0000UUUQ', 1),
('0P0000UZAL', 1),
('0P0000UZAM', 1),
('0P0000UZAR', 1),
('0P0000UZAS', 1),
('0P0000UZXS', 1),
('0P0000UZXT', 1),
('0P0000UZXV', 1),
('0P0000UZXW', 1),
('0P0000UZXY', 1),
('0P0000UZXZ', 1),
('0P0000UZY2', 1),
('0P0000UZY3', 1),
('0P0000UZY4', 1),
('0P0000UZY5', 1),
('0P0000UZY7', 1),
('0P0000UZYB', 1),
('0P0000UZYC', 1),
('0P0000UZYD', 1),
('0P0000UZYE', 1),
('0P0000UZYF', 1),
('0P0000UZYG', 1),
('0P0000V0AL', 1),
('0P0000V0AM', 1),
('0P0000V0AN', 1),
('0P0000V0AO', 1),
('0P0000V0IG', 1),
('0P0000V125', 1),
('0P0000V1MG', 1),
('0P0000V2RI', 1),
('0P0000V2RJ', 1),
('0P0000V2RK', 1),
('0P0000V2RL', 1),
('0P0000V2RM', 1),
('0P0000V2S0', 1),
('0P0000V2S1', 1),
('0P0000V2S2', 1),
('0P0000V2S3', 1),
('0P0000V2S4', 1),
('0P0000V2S5', 1),
('0P0000V2SE', 1),
('0P0000V2SF', 1),
('0P0000V5LG', 1),
('0P0000V5LH', 1),
('0P0000V5LI', 1),
('0P0000V5LK', 1),
('0P0000V5LL', 1),
('0P0000V5LM', 1),
('0P0000V5LO', 1),
('0P0000V5LP', 1),
('0P0000V5LQ', 1),
('0P0000V5LR', 1),
('0P0000V5LS', 1),
('0P0000V5LT', 1),
('0P0000V5LU', 1),
('0P0000V5LV', 1),
('0P0000V5LX', 1),
('0P0000V5LY', 1),
('0P0000V5M0', 1),
('0P0000V5M1', 1),
('0P0000V5M8', 1),
('0P0000V5M9', 1),
('0P0000V5MB', 1),
('0P0000V5MC', 1),
('0P0000V5MD', 1),
('0P0000V5MK', 1),
('0P0000VRD7', 1),
('0P0000VRD8', 1),
('0P0000VRD9', 1),
('0P0000VRDA', 1),
('0P0000VRDB', 1),
('0P0000VRDC', 1),
('0P0000VRDE', 1),
('0P0000VRDF', 1),
('0P0000VRDG', 1),
('0P0000VRDH', 1),
('0P0000VRDI', 1),
('0P0000VRDJ', 1),
('0P0000VRDK', 1),
('0P0000VSPH', 1),
('0P0000VU6C', 1),
('0P0000VU6E', 1),
('0P0000VUYW', 1),
('0P0000VWNY', 1),
('0P0000W42N', 1),
('0P0000W42O', 1),
('0P0000W42P', 1),
('0P0000W7NW', 1),
('0P0000W7NX', 1),
('0P0000W7NY', 1),
('0P0000W7NZ', 1),
('0P0000W7O0', 1),
('0P0000W99Z', 1),
('0P0000WB90', 1),
('0P0000WB91', 1),
('0P0000WB92', 1),
('0P0000WEKZ', 1),
('0P0000WEL0', 1),
('0P0000WEL1', 1),
('0P0000WEL2', 1),
('0P0000WEL3', 1),
('0P0000WGBH', 1),
('0P0000WINM', 1),
('0P0000WINN', 1),
('0P0000WINO', 1),
('0P0000WINQ', 1),
('0P0000WINR', 1),
('0P0000WMM1', 1),
('0P0000WMM2', 1),
('0P0000WMM3', 1),
('0P0000WMM7', 1),
('0P0000WNBQ', 1),
('0P0000WNBR', 1),
('0P0000WNBS', 1),
('0P0000X0PR', 1),
('0P0000X2CX', 1),
('0P0000X2CY', 1),
('0P0000X2CZ', 1),
('0P0000X2D0', 1),
('0P0000X2D1', 1),
('0P0000X2D2', 1),
('0P0000X2D3', 1),
('0P0000X2D4', 1),
('0P0000X2D5', 1),
('0P0000X2D6', 1),
('0P0000X2D7', 1),
('0P0000X4KT', 1),
('0P0000XC1S', 1),
('0P0000XC1T', 1),
('0P0000XC1U', 1),
('0P0000XPDD', 1),
('0P0000XXJN', 1),
('0P0000XXQI', 1),
('0P0000XXQJ', 1),
('0P0000XXQK', 1),
('0P0000XXQL', 1),
('0P0000XXQM', 1),
('0P0000XXQN', 1),
('0P0000XXQO', 1),
('0P0000XXQP', 1),
('0P0000XXQQ', 1),
('0P0000XXQR', 1),
('0P0000XXQS', 1),
('0P0000XXQU', 1),
('0P0000XZ0T', 1),
('0P0000Y1G9', 1),
('0P0000YFLZ', 1),
('0P0000YFM0', 1),
('0P0000YFM1', 1),
('0P0000YFM2', 1),
('0P0000YKD5', 1),
('0P0000YKD6', 1),
('0P0000YKD8', 1),
('0P0000YO63', 1),
('0P0000YVC2', 1),
('0P0000YX01', 1),
('0P0000YX02', 1),
('0P0000YXLP', 1),
('0P0000Z2MM', 1),
('0P0000Z2RM', 1),
('0P0000Z2RN', 1),
('0P0000Z2RS', 1),
('0P0000Z3LF', 1),
('0P0000Z3LG', 1),
('0P0000Z3LH', 1),
('0P0000Z3LI', 1),
('0P0000Z3LJ', 1),
('0P0000Z3LK', 1),
('0P0000Z3LL', 1),
('0P0000Z3LM', 1),
('0P0000Z3N7', 1),
('0P0000Z3N8', 1),
('0P0000Z6DD', 1),
('0P0000Z6DE', 1),
('0P0000Z6DF', 1),
('0P0000Z6DG', 1),
('0P0000Z6DH', 1),
('0P0000Z6DI', 1),
('0P0000Z6DJ', 1),
('0P0000Z6DK', 1),
('0P0000Z6DL', 1),
('0P0000Z6DM', 1),
('0P0000Z6DO', 1),
('0P0000Z7GX', 1),
('0P0000Z7GZ', 1),
('0P0000Z8US', 1),
('0P0000Z8UT', 1),
('0P0000Z8UU', 1),
('0P0000Z8UW', 1),
('0P0000ZF8A', 1),
('0P0000ZFCV', 1),
('0P0000ZFCW', 1),
('0P0000ZFCX', 1),
('0P0000ZFKK', 1),
('0P0000ZK8Y', 1),
('0P0000ZK8Z', 1),
('0P0000ZK90', 1),
('0P0000ZK92', 1),
('0P0000ZK98', 1),
('0P0000ZK9B', 1),
('0P0000ZK9C', 1),
('0P0000ZNOW', 1),
('0P0000ZNOX', 1),
('0P0000ZNOY', 1),
('0P0000ZNOZ', 1),
('0P0000ZNP0', 1),
('0P0000ZNP1', 1),
('0P0000ZNUS', 1),
('0P0000ZNUT', 1),
('0P0000ZQ8F', 1),
('0P0000ZQ8G', 1),
('0P0000ZQ8H', 1),
('0P0000ZQ8J', 1),
('0P0000ZQ8K', 1),
('0P0000ZQ8L', 1),
('0P0000ZR97', 1),
('0P0000ZR99', 1),
('0P0000ZTON', 1),
('0P0000ZXJ4', 1),
('0P0000ZXJ6', 1),
('0P000100VP', 1),
('0P000100VQ', 1),
('0P000100VR', 1),
('0P000100VS', 1),
('0P000100VT', 1),
('0P000100VU', 1),
('0P000100VW', 1),
('0P000100VX', 1),
('0P000100VY', 1),
('0P000100VZ', 1),
('0P000101OZ', 1),
('0P000101P0', 1),
('0P000101P1', 1),
('0P000101P2', 1),
('0P000101P3', 1),
('0P000101P4', 1),
('0P000101P5', 1),
('0P000101P6', 1),
('0P000101P7', 1),
('0P000101P8', 1),
('0P000101P9', 1),
('0P000102JP', 1),
('0P00011EXH', 1),
('0P00011EXI', 1),
('0P00011NA9', 1),
('0P000126D4', 1),
('0P00012DXS', 1),
('0P00012DXT', 1),
('0P00012DXU', 1),
('0P00012DXV', 1),
('0P00012DXW', 1),
('0P00012I85', 1),
('0P00012M9H', 1),
('0P00012NJB', 1),
('0P00012NJG', 1),
('0P000133UG', 1),
('0P000133UH', 1),
('0P0001370E', 1),
('0P0001370F', 1),
('0P000137GC', 1),
('0P000137GD', 1),
('0P00013BRM', 1),
('0P00013BRN', 1),
('0P00013BZO', 1),
('0P00013BZP', 1),
('0P00013FWJ', 1),
('0P00013U4T', 1),
('0P00013WHL', 1),
('0P00013WHM', 1),
('0P00013WHN', 1),
('0P00013WHO', 1),
('0P00013WHP', 1),
('0P00014DWD', 1),
('0P00014DWE', 1),
('0P00014I4U', 1),
('0P00014J0M', 1),
('0P00014J0N', 1),
('0P00014J0O', 1),
('0P00014J0P', 1),
('0P00014J0Q', 1),
('0P00014J0R', 1),
('0P00014MOP', 1),
('0P00014O3N', 1),
('0P00014YW6', 1),
('0P00014YW8', 1),
('0P00014YWB', 1),
('0P00014Z0K', 1),
('0P00014Z0L', 1),
('0P000150BH', 1),
('0P000150XZ', 1),
('0P000150Y0', 1),
('0P000151N3', 1),
('0P000151N5', 1),
('0P000151RN', 1),
('0P000152GD', 1),
('0P000152JP', 1),
('0P000152JQ', 1),
('0P000152JR', 1),
('0P000153FM', 1),
('0P000153FN', 1),
('0P000153RA', 1),
('0P000155M9', 1),
('0P000156KZ', 1),
('0P000156LC', 1),
('0P000156LD', 1),
('0P000156LE', 1),
('0P000156LF', 1),
('0P000156LG', 1),
('0P000156LH', 1),
('0P000156LI', 1),
('0P0001589A', 1),
('0P00015967', 1),
('0P00015968', 1),
('0P00015969', 1),
('0P0001596A', 1),
('0P0001596B', 1),
('0P000159L1', 1),
('0P00015CFC', 1),
('0P00015CXP', 1),
('0P00015CXQ', 1),
('0P00015CXR', 1),
('0P00015CXS', 1),
('0P00015CXT', 1),
('0P00015CXU', 1),
('0P00015CXV', 1),
('0P00015CXW', 1),
('0P00015DNL', 1),
('0P00015EJX', 1),
('0P00015EJZ', 1),
('0P00015EK1', 1),
('0P00015EK2', 1),
('0P00015EO4', 1),
('0P00015EO5', 1),
('0P00015FES', 1),
('0P00015FET', 1),
('0P00015FEU', 1),
('0P00015HG3', 1),
('0P00015HH0', 1),
('0P00015HH1', 1),
('0P00015HTD', 1),
('0P00015I9L', 1),
('0P00015I9M', 1),
('0P00015I9N', 1),
('0P00015IBI', 1),
('0P00015JDL', 1),
('0P00015JDN', 1),
('0P00015JDP', 1),
('0P00015JDR', 1),
('0P00015JDW', 1),
('0P00015JE0', 1),
('0P00015JE2', 1),
('0P00015JE4', 1),
('0P00015JE6', 1),
('0P00015JE7', 1),
('0P00015JE8', 1),
('0P00015JE9', 1),
('0P00015JEA', 1),
('0P00015JEB', 1),
('0P00015JVS', 1),
('0P00015JVT', 1),
('0P00015L1A', 1),
('0P00015LOP', 1),
('0P00015MBJ', 1),
('0P00015QE6', 1),
('0P00015QZL', 1),
('0P00015QZM', 1),
('0P00015R7Y', 1),
('0P00015R7Z', 1),
('0P00015R80', 1),
('0P00015R81', 1),
('0P00015REP', 1),
('0P00015REQ', 1),
('0P00015WLP', 1),
('0P00015WU2', 1),
('0P00015XXL', 1),
('0P00015Y3D', 1),
('0P00015YL2', 1),
('0P00015YSB', 1),
('0P00016349', 1),
('0P0001634A', 1),
('0P0001634B', 1),
('0P000165HK', 1),
('0P000165V6', 1),
('0P000165V7', 1),
('0P000166OK', 1),
('0P000166OM', 1),
('0P000166ON', 1),
('0P000166OO', 1),
('0P000166OP', 1),
('0P000166OQ', 1),
('0P000166OR', 1),
('0P000166OS', 1),
('0P000166QP', 1),
('0P000166QQ', 1),
('0P000166QR', 1),
('0P000166QS', 1),
('0P000166QT', 1),
('0P000166QU', 1),
('0P000166QV', 1),
('0P000166QW', 1),
('0P0001672D', 1),
('0P0001672E', 1),
('0P0001672F', 1),
('0P0001672G', 1),
('0P0001672H', 1),
('0P0001672R', 1),
('0P0001672S', 1),
('0P0001672T', 1),
('0P0001672U', 1),
('0P0001672V', 1),
('0P0001672W', 1),
('0P0001677H', 1),
('0P000168HF', 1),
('0P000168HG', 1),
('0P00016DFV', 1),
('0P00016DGB', 1),
('0P00016DGJ', 1),
('0P00016DGL', 1),
('0P00016DGM', 1),
('0P00016DGO', 1),
('0P00016FYE', 1),
('0P00016FYF', 1),
('0P00016FYG', 1),
('0P00016J4U', 1),
('0P00016J4V', 1),
('0P00016KH9', 1),
('0P00016KHA', 1),
('0P00016KHB', 1),
('0P00016LEA', 1),
('0P00016LEB', 1),
('0P00016LED', 1),
('0P00016LEE', 1),
('0P00016LEK', 1),
('0P00016N7S', 1),
('0P00016N7T', 1),
('0P00016N7U', 1),
('0P00016N81', 1),
('0P00016N8H', 1),
('0P00016N8I', 1),
('0P00016N8N', 1),
('0P00016O4E', 1),
('0P00016PHD', 1),
('0P00016PHE', 1),
('0P00016PHF', 1),
('0P00016PHG', 1),
('0P00016PHK', 1),
('0P00016TFC', 1),
('0P00016TFD', 1),
('0P00016TFE', 1),
('0P00016TFF', 1),
('0P00016TFG', 1),
('0P00016TGT', 1),
('0P00016UWP', 1),
('0P00016UWQ', 1),
('0P00016UWS', 1),
('0P00016UWU', 1),
('0P00016UWW', 1),
('0P00016UWX', 1),
('0P00016UWY', 1),
('0P00016UWZ', 1),
('0P00016UX0', 1),
('0P00016UX1', 1),
('0P00016UX2', 1),
('0P00016UX3', 1),
('0P00016UX9', 1),
('0P00016UXA', 1),
('0P00016UXB', 1),
('0P00016UXC', 1),
('0P00016UXD', 1),
('0P00016UXE', 1),
('0P00016UXF', 1),
('0P00016UXG', 1),
('0P00016UXH', 1),
('0P00016UXI', 1),
('0P00016XVT', 1),
('0P00016XVU', 1),
('0P00016XVV', 1),
('0P00016XVW', 1),
('0P00016XVX', 1),
('0P00016XVY', 1),
('0P00016XVZ', 1),
('0P00016XW0', 1),
('0P00016XW1', 1),
('0P00016XW2', 1),
('0P00016XWA', 1),
('0P00016XWB', 1),
('0P00016XWC', 1),
('0P00016XWE', 1),
('0P00016XWF', 1),
('0P00016XWH', 1),
('0P00016XWJ', 1),
('0P00016XWL', 1),
('0P00016XWN', 1),
('0P00016XWS', 1),
('0P00016XWT', 1),
('0P00016XWV', 1),
('0P00016XWW', 1),
('0P00016XWX', 1),
('0P00016XXY', 1),
('0P00016XXZ', 1),
('0P00016XY0', 1),
('0P00016XY1', 1),
('0P00016XY6', 1),
('0P00016XZK', 1),
('0P00016XZL', 1),
('0P00016XZM', 1),
('0P00016XZN', 1),
('0P00016XZP', 1),
('0P00016XZQ', 1),
('0P00016XZR', 1),
('0P00016XZS', 1),
('0P00016XZT', 1),
('0P00016XZU', 1),
('0P00016XZV', 1),
('0P00016XZW', 1),
('0P0001740O', 1),
('0P0001740P', 1),
('0P0001740R', 1),
('0P00017414', 1),
('0P00017415', 1),
('0P00017416', 1),
('0P0001744Y', 1),
('0P0001744Z', 1),
('0P00017451', 1),
('0P00017452', 1),
('0P00017453', 1),
('0P00017455', 1),
('0P00017457', 1),
('0P00017458', 1),
('0P0001745A', 1),
('0P0001745B', 1),
('0P0001745C', 1),
('0P0001745D', 1),
('0P0001745E', 1),
('0P0001745G', 1),
('0P0001745H', 1),
('0P0001745I', 1),
('0P0001745J', 1),
('0P0001745K', 1),
('0P0001745L', 1),
('0P0001745M', 1),
('0P0001745O', 1),
('0P0001745P', 1),
('0P0001745Q', 1),
('0P0001745R', 1),
('0P0001745S', 1),
('0P0001745U', 1),
('0P0001745V', 1),
('0P0001745X', 1),
('0P0001755I', 1),
('0P0001755J', 1),
('0P0001755K', 1),
('0P0001755L', 1),
('0P0001755M', 1),
('0P00017714', 1),
('0P00017715', 1),
('0P00017716', 1),
('0P00017717', 1),
('0P00017ALV', 1),
('0P00017ALW', 1),
('0P00017ALX', 1),
('0P00017BXM', 1),
('0P00017BXN', 1),
('0P00017BXO', 1),
('0P00017CHH', 1),
('0P00017CQH', 1),
('0P00017CVZ', 1),
('0P00017CW0', 1),
('0P00017CW1', 1),
('0P00017CW2', 1),
('0P00017HU7', 1),
('0P00017HU8', 1),
('0P00017HU9', 1),
('0P00017HUA', 1),
('0P00017HUB', 1),
('0P00017HUF', 1),
('0P00017HUG', 1),
('0P00017HUI', 1),
('0P00017HUJ', 1),
('0P00017HUK', 1),
('0P00017HUL', 1),
('0P00017HUN', 1),
('0P00017HUW', 1),
('0P00017HUX', 1),
('0P00017HUY', 1),
('0P00017HUZ', 1),
('0P00017HV0', 1),
('0P00017HV3', 1),
('0P00017HV4', 1),
('0P00017HV7', 1),
('0P00017KZC', 1),
('0P00017KZD', 1),
('0P00017KZJ', 1),
('0P00017M9D', 1),
('0P00017M9E', 1),
('0P00017N6A', 1),
('0P00017N6C', 1),
('0P00017N6D', 1),
('0P00017OOL', 1),
('0P00017OOM', 1),
('0P00017OON', 1),
('0P00017OOP', 1),
('0P00017Q19', 1),
('0P00017Q1A', 1),
('0P00017Q1B', 1),
('0P00017Q1E', 1),
('0P00017Q1F', 1),
('0P00017Q1G', 1),
('0P00017RGW', 1),
('0P00017RGX', 1),
('0P00017RGY', 1),
('0P00017RGZ', 1),
('0P00017RH0', 1),
('0P00017RH1', 1),
('0P00017RH2', 1),
('0P00017RH3', 1),
('0P00017RH4', 1),
('0P00017RH5', 1),
('0P00017V0O', 1),
('0P00017X7G', 1),
('0P00017X7H', 1),
('0P00017X7I', 1),
('0P00017X7J', 1),
('0P00017X7L', 1),
('0P00017YOG', 1),
('0P00017YOH', 1),
('0P00017YOI', 1),
('0P00017YOJ', 1),
('0P000184AG', 1),
('0P000184AI', 1),
('0P000186ZW', 1),
('0P000186ZX', 1),
('0P0001878Z', 1),
('0P000187VD', 1),
('0P000187VI', 1),
('0P000187VK', 1),
('0P000187VL', 1),
('0P0001896R', 1),
('0P0001896T', 1),
('0P0001896U', 1),
('0P0001896V', 1),
('0P0001896W', 1),
('0P0001896X', 1),
('0P0001896Y', 1),
('0P0001896Z', 1),
('0P00018970', 1),
('0P00018971', 1),
('0P00018972', 1),
('0P00018973', 1),
('0P00018EFV', 1),
('0P00018EFY', 1),
('0P00018EFZ', 1),
('0P00018EG0', 1),
('0P00018EG1', 1),
('0P00018EG2', 1),
('0P00018EG3', 1),
('0P00018EG4', 1),
('0P00018EG5', 1),
('0P00018EG6', 1),
('0P00018EGA', 1),
('0P00018EPR', 1),
('0P00018EPT', 1),
('0P00018EPU', 1),
('0P00018GAH', 1),
('0P00018GQV', 1),
('0P00018GQW', 1),
('0P00018HA0', 1),
('0P00018HWC', 1),
('0P00018HWE', 1),
('0P00018I7C', 1),
('0P00018I7D', 1),
('0P00018IQ6', 1),
('0P00018JKY', 1),
('0P00018JKZ', 1),
('0P00018JL0', 1),
('0P00018K8N', 1),
('0P00018K8O', 1),
('0P00018K8P', 1),
('0P00018K8Q', 1),
('0P00018K8R', 1),
('0P00018K8S', 1),
('0P00018K8T', 1),
('0P00018K8U', 1),
('0P00018K8V', 1),
('0P00018K8W', 1),
('0P00018K8X', 1),
('0P00018K8Y', 1),
('0P00018K8Z', 1),
('0P00018K90', 1),
('0P00018K91', 1),
('0P00018K92', 1),
('0P00018K93', 1),
('0P00018K94', 1),
('0P00018K95', 1),
('0P00018K96', 1),
('0P00018K97', 1),
('0P00018K98', 1),
('0P00018KGY', 1),
('0P00018KGZ', 1),
('0P00018KH0', 1),
('0P00018KPB', 1),
('0P00018L70', 1),
('0P00018LE2', 1),
('0P00018MPW', 1),
('0P00018MPX', 1),
('0P00018MVC', 1),
('0P00018MVD', 1),
('0P00018N10', 1),
('0P00018N11', 1),
('0P00018N12', 1),
('0P00018NDN', 1),
('0P00018O2G', 1),
('0P00018O2H', 1),
('0P00018OEK', 1),
('0P00018Q5V', 1),
('0P00018Q61', 1),
('0P00018T68', 1),
('0P00018X8P', 1),
('0P00018X8Q', 1),
('0P00018X8R', 1),
('0P00018X8S', 1),
('0P00018X8U', 1),
('0P00018X8V', 1),
('0P00018X8W', 1),
('0P00018X8X', 1),
('0P00018X8Y', 1),
('0P00018X8Z', 1),
('0P000192WD', 1),
('0P000195BV', 1),
('0P000195V0', 1),
('0P000195V1', 1),
('0P000196O1', 1),
('0P000197YC', 1),
('0P000198KZ', 1),
('0P0001997E', 1),
('0P0001997F', 1),
('0P000199RV', 1),
('0P000199RW', 1),
('0P000199RX', 1),
('0P000199RY', 1),
('0P000199RZ', 1),
('0P000199S0', 1),
('0P000199S1', 1),
('0P000199S2', 1),
('0P000199S3', 1),
('0P000199S4', 1),
('0P000199S5', 1),
('0P000199S6', 1),
('0P000199S7', 1),
('0P00019AYH', 1),
('0P00019AYI', 1),
('0P00019B4B', 1),
('0P00019BS3', 1),
('0P00019BS4', 1),
('0P00019BS5', 1),
('0P00019BS6', 1),
('0P00019BS7', 1),
('0P00019BS8', 1),
('0P00019BS9', 1),
('0P00019FL9', 1),
('0P00019FLB', 1),
('0P00019FLC', 1),
('0P00019FLD', 1),
('0P00019FLE', 1),
('0P00019FLF', 1),
('0P00019HJG', 1),
('0P00019IEJ', 1),
('0P00019IEK', 1),
('0P00019IEL', 1),
('0P00019IEM', 1),
('0P00019IEN', 1),
('0P00019IEO', 1),
('0P00019IEP', 1),
('0P00019IEQ', 1),
('0P00019IER', 1),
('0P00019IES', 1),
('0P00019IET', 1),
('0P00019IHH', 1),
('0P00019IHI', 1),
('0P00019IHJ', 1),
('0P00019J6J', 1),
('0P00019J6K', 1),
('0P00019J6L', 1),
('0P00019J6N', 1),
('0P00019J6O', 1),
('0P00019J6P', 1),
('0P00019J6Q', 1),
('0P00019J6R', 1),
('0P00019J6S', 1),
('0P00019J6T', 1),
('0P00019J6U', 1),
('0P00019J6V', 1),
('0P00019J6W', 1),
('0P00019J6X', 1),
('0P00019J6Y', 1),
('0P00019J6Z', 1),
('0P00019J70', 1),
('0P00019J71', 1),
('0P00019J72', 1),
('0P00019J73', 1),
('0P00019J74', 1),
('0P00019JDH', 1),
('0P00019JOJ', 1),
('0P00019JON', 1),
('0P00019JOO', 1),
('0P00019JOQ', 1),
('0P00019JOR', 1),
('0P00019JOS', 1),
('0P00019JOT', 1),
('0P00019JOU', 1),
('0P00019JOV', 1),
('0P00019JOX', 1),
('0P00019JOY', 1),
('0P00019JOZ', 1),
('0P00019JP0', 1),
('0P00019JP1', 1),
('0P00019JP2', 1),
('0P00019JP3', 1),
('0P00019JP4', 1),
('0P00019JXN', 1),
('0P00019JXO', 1),
('0P00019KFA', 1),
('0P00019KFC', 1),
('0P00019KFD', 1),
('0P00019KFE', 1),
('0P00019KFG', 1),
('0P00019KFI', 1),
('0P00019KFJ', 1),
('0P00019KFK', 1),
('0P00019KFL', 1),
('0P00019KFM', 1),
('0P00019KFN', 1),
('0P00019KFO', 1),
('0P00019KFR', 1),
('0P00019KFS', 1),
('0P00019KFT', 1),
('0P00019KFV', 1),
('0P00019KFW', 1),
('0P00019KFX', 1),
('0P00019KG0', 1),
('0P00019KG1', 1),
('0P00019KWA', 1),
('0P00019LE8', 1),
('0P00019LE9', 1),
('0P00019LEA', 1),
('0P00019LEB', 1),
('0P00019LEC', 1),
('0P00019LED', 1),
('0P00019LEF', 1),
('0P00019LEG', 1),
('0P00019LEH', 1),
('0P00019LEI', 1),
('0P00019LEJ', 1),
('0P00019LEK', 1),
('0P00019LEL', 1),
('0P00019LEN', 1),
('0P00019LEO', 1),
('0P00019LEP', 1),
('0P00019LEQ', 1),
('0P00019LER', 1),
('0P00019LES', 1),
('0P00019LET', 1),
('0P00019LEU', 1),
('0P00019LEV', 1),
('0P00019LEW', 1),
('0P00019LOE', 1),
('0P00019LOF', 1),
('0P00019LOG', 1),
('0P00019LOJ', 1),
('0P00019LOK', 1),
('0P00019LOL', 1),
('0P00019LOM', 1),
('0P00019LON', 1),
('0P00019LOO', 1),
('0P00019LOQ', 1),
('0P00019LOR', 1),
('0P00019LOS', 1),
('0P00019LOV', 1),
('0P00019LOW', 1),
('0P00019LOY', 1),
('0P00019LOZ', 1),
('0P00019LP0', 1),
('0P00019LP1', 1),
('0P00019LP2', 1),
('0P00019LP3', 1),
('0P00019LP4', 1),
('0P00019LP5', 1),
('0P00019LP6', 1),
('0P00019LPZ', 1),
('0P00019LQ0', 1),
('0P00019LQ1', 1),
('0P00019LQ2', 1),
('0P00019LQ3', 1),
('0P00019LQ4', 1),
('0P00019LQ5', 1),
('0P00019LQ6', 1),
('0P00019LQ7', 1),
('0P00019LQ8', 1),
('0P00019LQ9', 1),
('0P00019LQA', 1),
('0P00019LQB', 1),
('0P00019LQC', 1),
('0P00019LQD', 1),
('0P00019LQE', 1),
('0P00019LQF', 1),
('0P00019LQG', 1),
('0P00019LQH', 1),
('0P00019LQI', 1),
('0P00019LQJ', 1),
('0P00019LQK', 1),
('0P00019LQL', 1),
('0P00019LQM', 1),
('0P00019LQN', 1),
('0P00019LQQ', 1),
('0P00019LQR', 1),
('0P00019LTP', 1),
('0P00019LTQ', 1),
('0P00019LTS', 1),
('0P00019LTT', 1),
('0P00019LTU', 1),
('0P00019LTV', 1),
('0P00019LTW', 1),
('0P00019LTX', 1),
('0P00019LTY', 1),
('0P00019LTZ', 1),
('0P00019LU0', 1),
('0P00019LU2', 1),
('0P00019LU3', 1),
('0P00019LU4', 1),
('0P00019LU5', 1),
('0P00019LU7', 1),
('0P00019LU8', 1),
('0P00019LU9', 1),
('0P00019LUA', 1),
('0P00019M6E', 1),
('0P00019M6F', 1),
('0P00019NF3', 1),
('0P00019O1B', 1),
('0P00019PNF', 1),
('0P00019Q7Y', 1),
('0P00019QDT', 1),
('0P00019QDU', 1),
('0P00019RBU', 1),
('0P00019RC1', 1),
('0P00019RC2', 1),
('0P00019RNU', 1),
('0P00019V1R', 1),
('0P00019V1S', 1),
('0P00019VE1', 1),
('0P00019VE2', 1),
('0P00019VE3', 1),
('0P00019VE4', 1),
('0P00019VHV', 1),
('0P00019VHW', 1),
('0P00019WE5', 1),
('0P00019XFN', 1),
('0P00019XFP', 1),
('0P0001A0DK', 1),
('0P0001A0DL', 1),
('0P0001A18P', 1),
('0P0001A1SM', 1),
('0P0001A31K', 1),
('0P0001A31L', 1),
('0P0001A3RG', 1),
('0P0001A4IG', 1),
('0P0001A56E', 1),
('0P0001A8VF', 1),
('0P0001A8VG', 1),
('0P0001A8VH', 1),
('0P0001A8ZR', 1),
('0P0001A8ZS', 1),
('0P0001A8ZT', 1),
('0P0001A8ZU', 1),
('0P0001A8ZV', 1),
('0P0001AB1A', 1),
('0P0001ACOW', 1),
('0P0001ACOY', 1),
('0P0001ACP8', 1),
('0P0001ACZ8', 1),
('0P0001ADQE', 1),
('0P0001ADQF', 1),
('0P0001ADQH', 1),
('0P0001AESG', 1),
('0P0001AESH', 1),
('0P0001AF5E', 1),
('0P0001AF5F', 1),
('0P0001AFE0', 1),
('0P0001AHL7', 1),
('0P0001AJ4Z', 1),
('0P0001AKCZ', 1),
('0P0001AKD0', 1),
('0P0001AKD1', 1),
('0P0001AKD2', 1),
('0P0001ALA2', 1),
('0P0001ALA3', 1),
('0P0001ALA4', 1),
('0P0001ALAA', 1),
('0P0001ALAB', 1),
('0P0001ALMQ', 1),
('0P0001ALMS', 1),
('0P0001ALMT', 1),
('0P0001AMT4', 1),
('0P0001AMT5', 1),
('0P0001AP6R', 1),
('0P0001AP6S', 1),
('0P0001AP6T', 1),
('0P0001AP6U', 1),
('0P0001AP6V', 1),
('0P0001AP6W', 1),
('0P0001AP6X', 1),
('0P0001AP6Y', 1),
('0P0001AP6Z', 1),
('0P0001AP70', 1),
('0P0001AP71', 1),
('0P0001AP72', 1),
('0P0001B4YK', 1),
('0P0001B818', 1),
('0P0001B819', 1),
('0P0001B81A', 1),
('0P0001B81B', 1),
('0P0001B81C', 1),
('0P0001B81D', 1),
('0P0001B81E', 1),
('0P0001B81F', 1),
('0P0001B81G', 1),
('0P0001B81H', 1),
('0P0001B81I', 1),
('0P0001B81J', 1),
('0P0001B81K', 1),
('0P0001B81L', 1),
('0P0001B81M', 1),
('0P0001B81N', 1),
('0P0001B81O', 1),
('0P0001B81P', 1),
('0P0001B81Q', 1),
('0P0001B81R', 1),
('0P0001BCC1', 1),
('0P0001BCC2', 1),
('0P0001BCC3', 1),
('0P0001BCC4', 1),
('0P0001BCC8', 1),
('0P0001BCC9', 1),
('0P0001BCCA', 1),
('0P0001BCCB', 1),
('0P0001BCCX', 1),
('0P0001BDC3', 1),
('0P0001BDC4', 1),
('0P0001BDC5', 1),
('0P0001BFEN', 1),
('0P0001BFEO', 1),
('0P0001BFEQ', 1),
('0P0001BFER', 1),
('0P0001BFES', 1),
('0P0001BFET', 1),
('0P0001BFEU', 1),
('0P0001BFEV', 1),
('0P0001BFEW', 1),
('0P0001BFEX', 1),
('0P0001BFEY', 1),
('0P0001BFEZ', 1),
('0P0001BFF0', 1),
('0P0001BFF1', 1),
('0P0001BFF2', 1),
('0P0001BFF3', 1),
('0P0001BFF4', 1),
('0P0001BFF5', 1),
('0P0001BFF6', 1),
('0P0001BFF7', 1),
('0P0001BFF8', 1),
('0P0001BFF9', 1),
('0P0001BFQA', 1),
('0P0001BFQB', 1),
('0P0001BFQC', 1),
('0P0001BGYM', 1),
('0P0001BI4Q', 1),
('0P0001BIYU', 1),
('0P0001BKMV', 1),
('0P0001BKMW', 1),
('0P0001BKMX', 1),
('0P0001BKMY', 1),
('0P0001BKMZ', 1),
('0P0001BKN0', 1),
('0P0001BLYP', 1),
('0P0001BLYQ', 1),
('0P0001BLYR', 1),
('0P0001BO1Z', 1),
('0P0001BO20', 1),
('0P0001BO21', 1),
('0P0001BO24', 1),
('0P0001BO25', 1),
('0P0001BO26', 1),
('0P0001BPB5', 1),
('0P0001BPB6', 1),
('0P0001BPB7', 1),
('0P0001BPB8', 1),
('0P0001BPB9', 1),
('0P0001BQ0J', 1),
('0P0001BQ0K', 1),
('0P0001BQ0L', 1),
('0P0001BQ0M', 1),
('0P0001BSQ3', 1),
('0P0001BSQ4', 1),
('0P0001BSQ5', 1),
('0P0001BSQ6', 1),
('0P0001BSQ7', 1),
('0P0001BSQ8', 1),
('0P0001BSQ9', 1),
('0P0001BSQA', 1),
('0P0001BSQB', 1),
('0P0001BSQC', 1),
('0P0001BSQD', 1),
('0P0001BSQE', 1),
('0P0001BSQF', 1),
('0P0001BSQG', 1),
('0P0001BSQH', 1),
('0P0001BSQI', 1),
('0P0001BSQJ', 1),
('0P0001BSQK', 1),
('0P0001BSQL', 1),
('0P0001BSQM', 1),
('0P0001BSQN', 1),
('0P0001BSQO', 1),
('0P0001BSQP', 1),
('0P0001BSQQ', 1),
('0P0001BSQR', 1),
('0P0001BSQS', 1),
('0P0001BSQT', 1),
('0P0001BSQU', 1),
('0P0001BSQV', 1),
('0P0001BSQW', 1),
('0P0001BSQX', 1),
('0P0001BSQY', 1),
('0P0001BSQZ', 1),
('0P0001BTNP', 1),
('0P0001BTNQ', 1),
('0P0001BTNS', 1),
('0P0001BTNT', 1),
('0P0001BTNU', 1),
('0P0001BV9C', 1),
('0P0001BV9D', 1),
('0P0001BV9E', 1),
('0P0001BV9F', 1),
('0P0001BV9G', 1),
('0P0001BV9H', 1),
('0P0001BV9I', 1),
('0P0001BV9J', 1),
('0P0001BV9K', 1),
('0P0001BV9L', 1),
('0P0001BV9M', 1),
('0P0001BV9N', 1),
('0P0001BV9O', 1),
('0P0001BV9P', 1),
('0P0001BV9Q', 1),
('0P0001BV9R', 1),
('0P0001C0HY', 1),
('0P0001C0HZ', 1),
('0P0001C0I0', 1),
('0P0001C0I1', 1),
('0P0001C0JK', 1),
('0P0001C5BG', 1),
('0P0001C5BH', 1),
('0P0001C5BI', 1),
('0P0001C5BJ', 1),
('0P0001C5BK', 1),
('0P0001CCMY', 1),
('0P0001CCMZ', 1),
('0P0001CCN0', 1),
('0P0001CCN1', 1),
('0P0001CCN2', 1),
('0P0001CCN3', 1),
('0P0001CCN4', 1),
('0P0001CCN5', 1),
('0P0001CCN6', 1),
('0P0001CCN7', 1),
('0P0001CCN8', 1),
('0P0001CCN9', 1),
('0P0001CCNA', 1),
('0P0001CCNB', 1),
('0P0001CCNC', 1),
('0P0001CCND', 1),
('0P0001CCNF', 1),
('0P0001CCNG', 1),
('0P0001CCNH', 1),
('0P0001CCNI', 1),
('0P0001CCNJ', 1),
('0P0001CCNK', 1),
('0P0001CCNL', 1),
('0P0001CCNM', 1),
('0P0001CCNN', 1),
('0P0001CCNO', 1),
('0P0001CCNP', 1),
('0P0001CCNQ', 1),
('0P0001CCNR', 1),
('0P0001CCNS', 1),
('0P0001CCNT', 1),
('0P0001CCNU', 1),
('0P0001CCNV', 1),
('0P0001CCNW', 1),
('0P0001CCNX', 1),
('0P0001CCNY', 1),
('0P0001CCNZ', 1),
('0P0001CCO0', 1),
('0P0001CCO1', 1),
('0P0001CCO2', 1),
('0P0001CCO3', 1),
('0P0001CCO4', 1),
('0P0001CCO6', 1),
('0P0001CCO7', 1),
('0P0001CCO8', 1),
('0P0001CCO9', 1),
('0P0001CCOA', 1),
('0P0001CCOB', 1),
('0P0001CCOC', 1),
('0P0001CCOD', 1),
('0P0001CCOE', 1),
('0P0001CCOF', 1),
('0P0001CCOG', 1),
('0P0001CCOH', 1),
('0P0001CCOI', 1),
('0P0001CCOJ', 1),
('0P0001CCOK', 1),
('0P0001CCOL', 1),
('0P0001CCOM', 1),
('0P0001CCON', 1),
('0P0001CCOO', 1),
('0P0001CCOP', 1),
('0P0001CCOQ', 1),
('0P0001CCOR', 1),
('0P0001CCOS', 1),
('0P0001CCOT', 1),
('0P0001CCOU', 1),
('0P0001CCOV', 1),
('0P0001CCOX', 1),
('0P0001CCOY', 1),
('0P0001CCOZ', 1),
('0P0001CCP0', 1),
('0P0001CCP1', 1),
('0P0001CCP2', 1),
('0P0001CCP3', 1),
('0P0001CCP4', 1),
('0P0001CCP5', 1),
('0P0001CCP6', 1),
('0P0001CCP7', 1),
('0P0001CCP9', 1),
('0P0001CCPA', 1),
('0P0001CCPB', 1),
('0P0001CCPC', 1),
('0P0001CCPD', 1),
('0P0001CCPE', 1),
('0P0001CCPG', 1),
('0P0001CCPH', 1),
('0P0001CCPI', 1),
('0P0001CCPJ', 1),
('0P0001CCPK', 1),
('0P0001CCPL', 1),
('0P0001CCPM', 1),
('0P0001CCPN', 1),
('0P0001CCPO', 1),
('0P0001CCPP', 1),
('0P0001CCPQ', 1),
('0P0001CCPR', 1),
('0P0001CCPS', 1),
('0P0001CCPT', 1),
('0P0001CCPU', 1),
('0P0001CCPV', 1),
('0P0001CCPW', 1),
('0P0001CCPX', 1),
('0P0001CCPY', 1),
('0P0001CCPZ', 1),
('0P0001CCQ0', 1),
('0P0001CCQ1', 1),
('0P0001CCQ2', 1),
('0P0001CCQ3', 1),
('0P0001CCQ4', 1),
('0P0001CCQ5', 1),
('0P0001CCQ6', 1),
('0P0001CCQ7', 1),
('0P0001CCQ8', 1),
('0P0001CCQ9', 1),
('0P0001CCQA', 1),
('0P0001CCQB', 1),
('0P0001CCQC', 1),
('0P0001CCQD', 1),
('0P0001CCQE', 1),
('0P0001CCQF', 1),
('0P0001CCQG', 1),
('0P0001CCQH', 1),
('0P0001CCQI', 1),
('0P0001CCQJ', 1),
('0P0001CCQK', 1),
('0P0001CCQL', 1),
('0P0001CCQM', 1),
('0P0001CCQN', 1),
('0P0001CCQO', 1),
('0P0001CCQP', 1),
('0P0001CCQQ', 1),
('0P0001CCQR', 1),
('0P0001CCQS', 1),
('0P0001CCQT', 1),
('0P0001CCQU', 1),
('0P0001CCQV', 1),
('0P0001CCQW', 1),
('0P0001CCQX', 1),
('0P0001CCQY', 1),
('0P0001CCQZ', 1),
('0P0001CCR1', 1),
('0P0001CCR2', 1),
('0P0001CCR3', 1),
('0P0001CCR4', 1),
('0P0001CCR5', 1),
('0P0001CCR6', 1),
('0P0001CCR7', 1),
('0P0001CCR8', 1),
('0P0001CCR9', 1),
('0P0001CCRA', 1),
('0P0001CCRB', 1),
('0P0001CCRC', 1),
('0P0001CCRD', 1),
('0P0001CCRE', 1),
('0P0001CCRF', 1),
('0P0001CCRG', 1),
('0P0001CCRH', 1),
('0P0001CCRI', 1),
('0P0001CCRJ', 1),
('0P0001CCRK', 1),
('0P0001CCRL', 1),
('0P0001CCRM', 1),
('0P0001CCRN', 1),
('0P0001CCRO', 1),
('0P0001CENJ', 1),
('0P0001CENK', 1),
('0P0001CENL', 1),
('0P0001CENM', 1),
('0P0001CENN', 1),
('0P0001CENO', 1),
('0P0001CENP', 1),
('0P0001CENQ', 1),
('0P0001CENS', 1),
('0P0001CENT', 1),
('0P0001CENU', 1),
('0P0001CENV', 1),
('0P0001CENW', 1),
('0P0001CENY', 1),
('0P0001CENZ', 1),
('0P0001CEO0', 1),
('0P0001CEO2', 1),
('0P0001CEO3', 1),
('0P0001CEO4', 1),
('0P0001CEO5', 1),
('0P0001CFTE', 1),
('0P0001CFTF', 1),
('0P0001CFWY', 1),
('0P0001CFWZ', 1),
('0P0001CGXT', 1),
('0P0001CGXU', 1),
('0P0001CGXV', 1),
('0P0001CGXW', 1),
('0P0001CGXX', 1),
('0P0001CGXY', 1),
('0P0001CHUP', 1),
('0P0001CHUQ', 1),
('0P0001CHUR', 1),
('0P0001CHX4', 1),
('0P0001CHX5', 1),
('0P0001CHX6', 1),
('0P0001CHX7', 1),
('0P0001CHX8', 1),
('0P0001CJGH', 1),
('0P0001CJGI', 1),
('0P0001CJGJ', 1),
('0P0001CKAV', 1),
('0P0001CKAW', 1),
('0P0001CKAX', 1),
('0P0001CKAY', 1),
('0P0001CKAZ', 1),
('0P0001CKB0', 1),
('0P0001CKB1', 1),
('0P0001CKB2', 1),
('0P0001CL3B', 1),
('0P0001CL3C', 1),
('0P0001CL3D', 1),
('0P0001CL3E', 1),
('0P0001CL3F', 1),
('0P0001CL3G', 1),
('0P0001CLYA', 1),
('0P0001CLYB', 1),
('0P0001CLYC', 1),
('0P0001CNHO', 1),
('0P0001CNHP', 1),
('0P0001CP0U', 1),
('0P0001CP0W', 1),
('0P0001CQ7Z', 1),
('0P0001CQ80', 1),
('0P0001CQ81', 1),
('0P0001CQ82', 1),
('0P0001CQ83', 1),
('0P0001CQ84', 1),
('0P0001CR6T', 1),
('0P0001CR6W', 1),
('0P0001CR70', 1),
('0P0001CR74', 1),
('0P0001CR76', 1),
('0P0001CR78', 1);

-- --------------------------------------------------------

--
-- Estructura de tabla para la tabla `anuario_rentafija`
--

CREATE TABLE `anuario_rentafija` (
  `bindex_id` int(11) NOT NULL,
  `bsed` double NOT NULL,
  `bsem` double NOT NULL,
  `bsmd` double NOT NULL,
  `bsym` double NOT NULL,
  `cred` double NOT NULL,
  `crem` double NOT NULL,
  `crmd` double NOT NULL,
  `crym` double NOT NULL,
  `portafolio_fecha` date NOT NULL
) ENGINE=InnoDB DEFAULT CHARSET=utf8 COLLATE=utf8_unicode_ci;

-- --------------------------------------------------------

--
-- Estructura de tabla para la tabla `anuario_saldoactualizado`
--

CREATE TABLE `anuario_saldoactualizado` (
  `id` int(11) NOT NULL,
  `monto` int(11) NOT NULL,
  `fecha` date NOT NULL,
  `bindex_id` int(11) NOT NULL,
  `cliente_id` int(11) NOT NULL,
  `tipoInversion_id` int(11) NOT NULL
) ENGINE=InnoDB DEFAULT CHARSET=utf8 COLLATE=utf8_unicode_ci;

--
-- Volcado de datos para la tabla `anuario_saldoactualizado`
--

INSERT INTO `anuario_saldoactualizado` (`id`, `monto`, `fecha`, `bindex_id`, `cliente_id`, `tipoInversion_id`) VALUES
(1, 4388615, '2018-01-01', 1, 13, 1),
(2, 4250576, '2018-01-02', 2, 3, 3),
(3, 4913556, '2018-01-03', 3, 11, 3),
(4, 2294153, '2018-01-04', 4, 18, 2),
(5, 3669886, '2018-01-05', 5, 7, 2),
(6, 3694948, '2018-01-06', 6, 13, 1),
(7, 2176721, '2018-01-07', 7, 5, 3),
(8, 2691576, '2018-01-08', 8, 2, 3),
(9, 2912529, '2018-01-09', 9, 20, 4),
(10, 3351282, '2018-01-10', 10, 18, 1),
(11, 3530678, '2018-01-11', 11, 19, 2),
(12, 3977122, '2018-01-12', 12, 3, 4),
(13, 3872403, '2018-01-13', 13, 14, 4),
(14, 3791222, '2018-01-14', 14, 19, 4),
(15, 4796567, '2018-01-15', 15, 10, 3),
(16, 1995998, '2018-01-16', 16, 19, 1),
(17, 1239393, '2018-01-17', 17, 6, 4),
(18, 4908404, '2018-01-18', 18, 10, 2),
(19, 4613685, '2018-01-19', 19, 20, 3),
(20, 4285186, '2018-01-20', 20, 18, 1),
(21, 1559282, '2018-01-21', 21, 9, 1),
(22, 4125182, '2018-01-22', 22, 1, 4),
(23, 3567548, '2018-01-23', 23, 2, 4),
(24, 4849972, '2018-01-24', 24, 3, 3),
(25, 2973485, '2018-01-25', 25, 20, 1),
(26, 3946539, '2018-01-26', 26, 14, 1),
(27, 1509848, '2018-01-27', 27, 11, 1),
(28, 2061517, '2018-01-28', 28, 8, 2),
(29, 4668102, '2018-01-29', 29, 13, 4),
(30, 1898725, '2018-01-30', 30, 19, 4),
(31, 1426581, '2018-01-31', 31, 7, 2),
(32, 1292304, '2018-02-01', 32, 18, 3),
(33, 2505546, '2018-02-02', 33, 17, 1),
(34, 3030702, '2018-02-03', 34, 14, 2),
(35, 3362788, '2018-02-04', 35, 1, 2),
(36, 3891028, '2018-02-05', 36, 16, 1),
(37, 2857468, '2018-02-06', 37, 13, 2),
(38, 3853989, '2018-02-07', 38, 14, 4),
(39, 3188328, '2018-02-08', 39, 5, 1),
(40, 3714332, '2018-02-09', 40, 6, 3),
(41, 1037461, '2018-02-10', 41, 10, 3),
(42, 3774674, '2018-02-11', 42, 14, 1),
(43, 3121680, '2018-02-12', 43, 10, 4),
(44, 3478145, '2018-02-13', 44, 10, 2),
(45, 4069741, '2018-02-14', 45, 14, 1),
(46, 4847887, '2018-02-15', 46, 14, 3),
(47, 1443141, '2018-02-16', 47, 16, 3),
(48, 2027246, '2018-02-17', 48, 10, 1),
(49, 1702728, '2018-02-18', 49, 6, 3),
(50, 2575629, '2018-02-19', 50, 11, 4),
(51, 3051706, '2018-02-20', 51, 1, 3),
(52, 4769831, '2018-02-21', 52, 16, 3),
(53, 1700538, '2018-02-22', 53, 9, 1),
(54, 4241309, '2018-02-23', 54, 5, 1),
(55, 3550227, '2018-02-24', 55, 8, 2),
(56, 3566373, '2018-02-25', 56, 13, 1),
(57, 4266253, '2018-02-26', 57, 1, 2),
(58, 3504052, '2018-02-27', 58, 19, 4),
(59, 4965920, '2018-02-28', 59, 2, 3),
(60, 1018385, '2018-03-01', 60, 5, 2),
(61, 4573576, '2018-03-02', 61, 2, 2),
(62, 3715353, '2018-03-03', 62, 6, 2),
(63, 1806510, '2018-03-04', 63, 15, 2),
(64, 4512455, '2018-03-05', 64, 7, 2),
(65, 2300074, '2018-03-06', 65, 6, 1),
(66, 4616747, '2018-03-07', 66, 10, 2),
(67, 1382788, '2018-03-08', 67, 4, 1),
(68, 3105696, '2018-03-09', 68, 18, 3),
(69, 3809905, '2018-03-10', 69, 6, 2),
(70, 3250506, '2018-03-11', 70, 13, 3),
(71, 4971604, '2018-03-12', 71, 18, 2),
(72, 4738545, '2018-03-13', 72, 19, 1),
(73, 1042140, '2018-03-14', 73, 6, 1),
(74, 2465542, '2018-03-15', 74, 16, 2),
(75, 2085671, '2018-03-16', 75, 19, 1),
(76, 1139797, '2018-03-17', 76, 7, 2),
(77, 2575650, '2018-03-18', 77, 2, 4),
(78, 4396696, '2018-03-19', 78, 15, 2),
(79, 2683491, '2018-03-20', 79, 20, 1),
(80, 2717814, '2018-03-21', 80, 12, 1),
(81, 3671098, '2018-03-22', 81, 4, 3),
(82, 4580198, '2018-03-23', 82, 9, 1),
(83, 4308130, '2018-03-24', 83, 16, 2),
(84, 3469695, '2018-03-25', 84, 1, 2),
(85, 4909180, '2018-03-26', 85, 15, 4),
(86, 2730166, '2018-03-27', 86, 20, 4),
(87, 1997131, '2018-03-28', 87, 10, 4),
(88, 4737298, '2018-03-29', 88, 1, 2),
(89, 4120296, '2018-03-30', 89, 8, 4),
(90, 4811303, '2018-03-31', 90, 7, 2),
(91, 4051368, '2018-04-01', 91, 3, 2),
(92, 1406941, '2018-04-02', 92, 17, 4),
(93, 4953447, '2018-04-03', 93, 11, 4),
(94, 4750766, '2018-04-04', 94, 4, 1),
(95, 1612809, '2018-04-05', 95, 14, 3),
(96, 2361745, '2018-04-06', 96, 3, 2),
(97, 2747965, '2018-04-07', 97, 5, 3),
(98, 4531997, '2018-04-08', 98, 6, 2),
(99, 2515089, '2018-04-09', 99, 12, 2),
(100, 2515090, '2018-04-10', 100, 6, 2),
(101, 2515091, '2018-04-11', 101, 12, 3),
(102, 2515092, '2018-04-12', 102, 1, 4),
(103, 2515093, '2018-04-13', 103, 18, 2),
(104, 2515094, '2018-04-14', 104, 13, 2),
(105, 2515095, '2018-04-15', 105, 17, 3),
(106, 2515096, '2018-04-16', 106, 10, 3),
(107, 2515097, '2018-04-17', 107, 11, 1),
(108, 2515098, '2018-04-18', 108, 14, 4),
(109, 2515099, '2018-04-19', 109, 9, 4),
(110, 2515100, '2018-04-20', 110, 17, 3),
(111, 2515101, '2018-04-21', 111, 11, 3),
(112, 2515102, '2018-04-22', 112, 2, 2),
(113, 2515103, '2018-04-23', 113, 8, 4),
(114, 2515104, '2018-04-24', 114, 5, 2),
(115, 2515105, '2018-04-25', 115, 20, 3),
(116, 2515106, '2018-04-26', 116, 7, 2),
(117, 2515107, '2018-04-27', 117, 16, 1),
(118, 2515108, '2018-04-28', 118, 4, 1),
(119, 2515109, '2018-04-29', 119, 3, 2),
(120, 2515110, '2018-04-30', 120, 4, 2),
(121, 2515111, '2018-05-01', 121, 4, 1),
(122, 2515112, '2018-05-02', 122, 18, 3),
(123, 2515113, '2018-05-03', 123, 8, 1),
(124, 2515114, '2018-05-04', 124, 7, 4),
(125, 2515115, '2018-05-05', 125, 6, 3),
(126, 2515116, '2018-05-06', 126, 5, 3),
(127, 2515117, '2018-05-07', 127, 7, 2),
(128, 2515118, '2018-05-08', 128, 14, 4),
(129, 2515119, '2018-05-09', 129, 14, 3),
(130, 2515120, '2018-05-10', 130, 6, 3),
(131, 2515121, '2018-05-11', 131, 4, 1),
(132, 2515122, '2018-05-12', 132, 13, 2),
(133, 2515123, '2018-05-13', 133, 1, 2),
(134, 2515124, '2018-05-14', 134, 8, 1),
(135, 2515125, '2018-05-15', 135, 11, 4),
(136, 2515126, '2018-05-16', 136, 4, 1),
(137, 2515127, '2018-05-17', 137, 8, 1),
(138, 2515128, '2018-05-18', 138, 14, 2),
(139, 2515129, '2018-05-19', 139, 10, 2),
(140, 2515130, '2018-05-20', 140, 18, 2),
(141, 2515131, '2018-05-21', 141, 16, 2),
(142, 2515132, '2018-05-22', 142, 19, 1),
(143, 2515133, '2018-05-23', 143, 15, 1),
(144, 2515134, '2018-05-24', 144, 18, 1),
(145, 2515135, '2018-05-25', 145, 8, 3),
(146, 2515136, '2018-05-26', 146, 7, 1),
(147, 2515137, '2018-05-27', 147, 20, 3),
(148, 2515138, '2018-05-28', 148, 20, 4),
(149, 2515139, '2018-05-29', 149, 7, 3),
(150, 2515140, '2018-05-30', 150, 2, 3),
(151, 2515141, '2018-05-31', 151, 7, 4),
(152, 2515142, '2018-01-01', 152, 5, 4),
(153, 2515143, '2018-01-02', 153, 14, 4),
(154, 2515144, '2018-01-03', 154, 13, 1),
(155, 2515145, '2018-01-04', 155, 16, 1),
(156, 2515146, '2018-01-05', 156, 4, 3),
(157, 2515147, '2018-01-06', 157, 16, 4),
(158, 2515148, '2018-01-07', 158, 19, 4),
(159, 2515149, '2018-01-08', 159, 8, 3),
(160, 2515150, '2018-01-09', 160, 12, 3),
(161, 2515151, '2018-01-10', 161, 20, 4),
(162, 2515152, '2018-01-11', 162, 16, 1),
(163, 2515153, '2018-01-12', 163, 7, 2),
(164, 2515154, '2018-01-13', 164, 18, 1),
(165, 2515155, '2018-01-14', 165, 16, 2),
(166, 2515156, '2018-01-15', 166, 19, 3),
(167, 2515157, '2018-01-16', 167, 19, 3),
(168, 2515158, '2018-01-17', 168, 19, 3),
(169, 2515159, '2018-01-18', 169, 8, 1),
(170, 2515160, '2018-01-19', 170, 6, 1),
(171, 2515161, '2018-01-20', 171, 11, 2),
(172, 2515162, '2018-01-21', 172, 10, 1),
(173, 2515163, '2018-01-22', 173, 15, 2),
(174, 2515164, '2018-01-23', 174, 16, 1),
(175, 2515165, '2018-01-24', 175, 2, 1),
(176, 2515166, '2018-01-25', 176, 8, 4),
(177, 2515167, '2018-01-26', 177, 16, 1),
(178, 2515168, '2018-01-27', 178, 20, 2),
(179, 2515169, '2018-01-28', 179, 13, 1),
(180, 2515170, '2018-01-29', 180, 16, 2),
(181, 2515171, '2018-01-30', 181, 12, 3),
(182, 2515172, '2018-01-31', 182, 12, 4),
(183, 2515173, '2018-02-01', 183, 13, 2),
(184, 2515174, '2018-02-02', 184, 11, 1),
(185, 2515175, '2018-02-03', 185, 3, 1),
(186, 2515176, '2018-02-04', 186, 1, 3),
(187, 2515177, '2018-02-05', 187, 1, 2),
(188, 2515178, '2018-02-06', 188, 16, 3),
(189, 2515179, '2018-02-07', 189, 4, 2),
(190, 2515180, '2018-02-08', 190, 11, 2),
(191, 2515181, '2018-02-09', 191, 1, 2),
(192, 2515182, '2018-02-10', 192, 4, 1),
(193, 2515183, '2018-02-11', 193, 11, 2),
(194, 2515184, '2018-02-12', 194, 10, 3),
(195, 2515185, '2018-02-13', 195, 1, 4),
(196, 2515186, '2018-02-14', 196, 19, 3),
(197, 2515187, '2018-02-15', 197, 12, 4),
(198, 2515188, '2018-02-16', 198, 20, 1),
(199, 2515189, '2018-02-17', 199, 14, 1),
(200, 2515190, '2018-02-18', 200, 20, 4),
(201, 2515191, '2018-02-19', 201, 5, 1),
(202, 2515192, '2018-02-20', 202, 17, 3),
(203, 2515193, '2018-02-21', 203, 10, 4),
(204, 2515194, '2018-02-22', 204, 17, 2),
(205, 2515195, '2018-02-23', 205, 1, 4),
(206, 2515196, '2018-02-24', 206, 3, 2),
(207, 2515197, '2018-02-25', 207, 12, 1),
(208, 2515198, '2018-02-26', 208, 5, 3),
(209, 2515199, '2018-02-27', 209, 11, 1),
(210, 2515200, '2018-02-28', 210, 14, 1),
(211, 2515201, '2018-03-01', 211, 16, 3),
(212, 2515202, '2018-03-02', 212, 2, 3),
(213, 2515203, '2018-03-03', 213, 6, 2),
(214, 2515204, '2018-03-04', 214, 8, 4),
(215, 2515205, '2018-03-05', 215, 7, 2),
(216, 2515206, '2018-03-06', 216, 3, 3),
(217, 2515207, '2018-03-07', 217, 8, 4),
(218, 2515208, '2018-03-08', 218, 13, 4),
(219, 2515209, '2018-03-09', 219, 19, 2),
(220, 2515210, '2018-03-10', 220, 5, 2),
(221, 2515211, '2018-03-11', 221, 11, 1),
(222, 2515212, '2018-03-12', 222, 12, 1),
(223, 2515213, '2018-03-13', 223, 15, 3),
(224, 2515214, '2018-03-14', 224, 1, 3),
(225, 2515215, '2018-03-15', 225, 12, 4),
(226, 2515216, '2018-03-16', 226, 9, 3),
(227, 2515217, '2018-03-17', 227, 15, 1),
(228, 2515218, '2018-03-18', 228, 7, 3),
(229, 2515219, '2018-03-19', 229, 5, 3),
(230, 2515220, '2018-03-20', 230, 16, 3),
(231, 2515221, '2018-03-21', 231, 8, 3),
(232, 2515222, '2018-03-22', 232, 12, 3),
(233, 2515223, '2018-03-23', 233, 19, 2),
(234, 2515224, '2018-03-24', 234, 11, 1),
(235, 2515225, '2018-03-25', 235, 6, 3),
(236, 2515226, '2018-03-26', 236, 8, 2),
(237, 2515227, '2018-03-27', 237, 12, 4),
(238, 2515228, '2018-03-28', 238, 10, 3),
(239, 2515229, '2018-03-29', 239, 3, 4),
(240, 2515230, '2018-03-30', 240, 5, 3),
(241, 2515231, '2018-03-31', 241, 2, 1),
(242, 2515232, '2018-04-01', 242, 15, 2),
(243, 2515233, '2018-04-02', 243, 10, 2),
(244, 2515234, '2018-04-03', 244, 4, 1),
(245, 2515235, '2018-04-04', 245, 13, 3),
(246, 2515236, '2018-04-05', 246, 19, 1),
(247, 2515237, '2018-04-06', 247, 15, 1),
(248, 2515238, '2018-04-07', 248, 4, 2),
(249, 2515239, '2018-04-08', 249, 13, 1),
(250, 2515240, '2018-04-09', 250, 10, 2),
(251, 2515241, '2018-04-10', 251, 18, 1),
(252, 2515242, '2018-04-11', 252, 4, 2),
(253, 2515243, '2018-04-12', 253, 16, 4),
(254, 2515244, '2018-04-13', 254, 14, 3),
(255, 2515245, '2018-04-14', 255, 4, 3),
(256, 2515246, '2018-04-15', 256, 2, 2),
(257, 2515247, '2018-04-16', 257, 16, 2),
(258, 2515248, '2018-04-17', 258, 10, 3),
(259, 2515249, '2018-04-18', 259, 15, 4),
(260, 2515250, '2018-04-19', 260, 20, 4),
(261, 2515251, '2018-04-20', 261, 7, 4),
(262, 2515252, '2018-04-21', 262, 2, 1),
(263, 2515253, '2018-04-22', 263, 14, 4),
(264, 2515254, '2018-04-23', 264, 14, 1),
(265, 2515255, '2018-04-24', 265, 15, 4),
(266, 2515256, '2018-04-25', 266, 12, 4),
(267, 2515257, '2018-04-26', 267, 5, 1),
(268, 2515258, '2018-04-27', 268, 20, 1),
(269, 2515259, '2018-04-28', 269, 18, 4),
(270, 2515260, '2018-04-29', 270, 12, 4),
(271, 2515261, '2018-04-30', 271, 16, 1),
(272, 2515262, '2018-05-01', 272, 7, 3),
(273, 2515263, '2018-05-02', 273, 5, 4),
(274, 2515264, '2018-05-03', 274, 20, 2),
(275, 2515265, '2018-05-04', 275, 3, 4),
(276, 2515266, '2018-05-05', 276, 2, 2),
(277, 2515267, '2018-05-06', 277, 6, 2),
(278, 2515268, '2018-05-07', 278, 14, 4),
(279, 2515269, '2018-05-08', 279, 13, 4),
(280, 2515270, '2018-05-09', 280, 4, 4),
(281, 2515271, '2018-05-10', 281, 13, 2),
(282, 2515272, '2018-05-11', 282, 3, 4),
(283, 2515273, '2018-05-12', 283, 4, 3),
(284, 2515274, '2018-05-13', 284, 16, 3),
(285, 2515275, '2018-05-14', 285, 19, 1),
(286, 2515276, '2018-05-15', 286, 7, 4),
(287, 2515277, '2018-05-16', 287, 16, 1),
(288, 2515278, '2018-05-17', 288, 12, 4),
(289, 2515279, '2018-05-18', 289, 20, 4),
(290, 2515280, '2018-05-19', 290, 1, 3),
(291, 2515281, '2018-05-20', 291, 3, 2),
(292, 2515282, '2018-05-21', 292, 10, 1),
(293, 2515283, '2018-05-22', 293, 19, 3),
(294, 2515284, '2018-05-23', 294, 14, 3),
(295, 2515285, '2018-05-24', 295, 10, 1),
(296, 2515286, '2018-05-25', 296, 15, 1),
(297, 2515287, '2018-05-26', 297, 7, 4),
(298, 2515288, '2018-05-27', 298, 13, 1),
(299, 2515289, '2018-05-28', 299, 15, 2),
(300, 2515290, '2018-05-29', 300, 20, 4);

-- --------------------------------------------------------

--
-- Estructura de tabla para la tabla `anuario_saldomensual`
--

CREATE TABLE `anuario_saldomensual` (
  `id` int(11) NOT NULL,
  `anio` varchar(50) COLLATE utf8_unicode_ci NOT NULL,
  `mes` varchar(50) COLLATE utf8_unicode_ci NOT NULL,
  `saldoCierre` int(11) NOT NULL,
  `cliente_id` int(11) NOT NULL,
  `tipoInversion_id` int(11) NOT NULL
) ENGINE=InnoDB DEFAULT CHARSET=utf8 COLLATE=utf8_unicode_ci;

--
-- Volcado de datos para la tabla `anuario_saldomensual`
--

INSERT INTO `anuario_saldomensual` (`id`, `anio`, `mes`, `saldoCierre`, `cliente_id`, `tipoInversion_id`) VALUES
(1, '2018', '1', 4125182, 1, 4),
(2, '2018', '2', 12659399, 1, 2),
(3, '2018', '2', 5566882, 1, 3),
(4, '2018', '2', 5030380, 1, 4),
(5, '2018', '3', 8206993, 1, 2),
(6, '2018', '3', 2515214, 1, 3),
(7, '2018', '4', 2515092, 1, 4),
(8, '2018', '5', 2515123, 1, 2),
(9, '2018', '5', 2515280, 1, 3),
(10, '2018', '1', 2515165, 2, 1),
(11, '2018', '1', 2691576, 2, 3),
(12, '2018', '1', 3567548, 2, 4),
(13, '2018', '2', 4965920, 2, 3),
(14, '2018', '3', 2515231, 2, 1),
(15, '2018', '3', 4573576, 2, 2),
(16, '2018', '3', 2515202, 2, 3),
(17, '2018', '3', 2575650, 2, 4),
(18, '2018', '4', 2515252, 2, 1),
(19, '2018', '4', 5030348, 2, 2),
(20, '2018', '5', 2515266, 2, 2),
(21, '2018', '5', 2515140, 2, 3),
(22, '2018', '1', 9100548, 3, 3),
(23, '2018', '1', 3977122, 3, 4),
(24, '2018', '2', 2515175, 3, 1),
(25, '2018', '2', 2515196, 3, 2),
(26, '2018', '3', 2515206, 3, 3),
(27, '2018', '3', 2515229, 3, 4),
(28, '2018', '4', 8928222, 3, 2),
(29, '2018', '5', 2515281, 3, 2),
(30, '2018', '5', 5030537, 3, 4),
(31, '2018', '1', 2515146, 4, 3),
(32, '2018', '2', 2515182, 4, 1),
(33, '2018', '2', 2515179, 4, 2),
(34, '2018', '3', 1382788, 4, 1),
(35, '2018', '3', 3671098, 4, 3),
(36, '2018', '4', 9781108, 4, 1),
(37, '2018', '4', 7545590, 4, 2),
(38, '2018', '4', 2515245, 4, 3),
(39, '2018', '5', 7545358, 4, 1),
(40, '2018', '5', 2515273, 4, 3),
(41, '2018', '5', 2515270, 4, 4),
(42, '2018', '1', 2176721, 5, 3),
(43, '2018', '1', 2515142, 5, 4),
(44, '2018', '2', 9944828, 5, 1),
(45, '2018', '2', 2515198, 5, 3),
(46, '2018', '3', 3533595, 5, 2),
(47, '2018', '3', 5030449, 5, 3),
(48, '2018', '4', 2515257, 5, 1),
(49, '2018', '4', 2515104, 5, 2),
(50, '2018', '4', 2747965, 5, 3),
(51, '2018', '5', 2515116, 5, 3),
(52, '2018', '5', 2515263, 5, 4),
(53, '2018', '1', 2515160, 6, 1),
(54, '2018', '1', 1239393, 6, 4),
(55, '2018', '2', 5417060, 6, 3),
(56, '2018', '3', 3342214, 6, 1),
(57, '2018', '3', 10040461, 6, 2),
(58, '2018', '3', 2515225, 6, 3),
(59, '2018', '4', 7047087, 6, 2),
(60, '2018', '5', 2515267, 6, 2),
(61, '2018', '5', 5030235, 6, 3),
(62, '2018', '1', 7611620, 7, 2),
(63, '2018', '3', 12978760, 7, 2),
(64, '2018', '3', 2515218, 7, 3),
(65, '2018', '4', 2515106, 7, 2),
(66, '2018', '4', 2515251, 7, 4),
(67, '2018', '5', 2515136, 7, 1),
(68, '2018', '5', 2515117, 7, 2),
(69, '2018', '5', 5030401, 7, 3),
(70, '2018', '5', 10060818, 7, 4),
(71, '2018', '1', 2515159, 8, 1),
(72, '2018', '1', 2061517, 8, 2),
(73, '2018', '1', 2515149, 8, 3),
(74, '2018', '1', 2515166, 8, 4),
(75, '2018', '2', 3550227, 8, 2),
(76, '2018', '3', 2515226, 8, 2),
(77, '2018', '3', 2515221, 8, 3),
(78, '2018', '3', 9150707, 8, 4),
(79, '2018', '4', 2515103, 8, 4),
(80, '2018', '5', 7545364, 8, 1),
(81, '2018', '5', 2515135, 8, 3),
(82, '2018', '1', 1559282, 9, 1),
(83, '2018', '2', 1700538, 9, 1),
(84, '2018', '3', 4580198, 9, 1),
(85, '2018', '3', 2515216, 9, 3),
(86, '2018', '4', 2515099, 9, 4),
(87, '2018', '1', 2515162, 10, 1),
(88, '2018', '1', 4908404, 10, 2),
(89, '2018', '1', 4796567, 10, 3),
(90, '2018', '2', 2027246, 10, 1),
(91, '2018', '2', 3478145, 10, 2),
(92, '2018', '2', 3552645, 10, 3),
(93, '2018', '2', 5636873, 10, 4),
(94, '2018', '3', 4616747, 10, 2),
(95, '2018', '3', 2515228, 10, 3),
(96, '2018', '3', 1997131, 10, 4),
(97, '2018', '4', 5030473, 10, 2),
(98, '2018', '4', 5030344, 10, 3),
(99, '2018', '5', 5030567, 10, 1),
(100, '2018', '5', 2515129, 10, 2),
(101, '2018', '1', 1509848, 11, 1),
(102, '2018', '1', 2515161, 11, 2),
(103, '2018', '1', 4913556, 11, 3),
(104, '2018', '2', 5030373, 11, 1),
(105, '2018', '2', 5030363, 11, 2),
(106, '2018', '2', 2575629, 11, 4),
(107, '2018', '3', 5030435, 11, 1),
(108, '2018', '4', 2515097, 11, 1),
(109, '2018', '4', 2515101, 11, 3),
(110, '2018', '4', 4953447, 11, 4),
(111, '2018', '5', 2515125, 11, 4),
(112, '2018', '1', 5030321, 12, 3),
(113, '2018', '1', 2515172, 12, 4),
(114, '2018', '2', 2515197, 12, 1),
(115, '2018', '2', 2515187, 12, 4),
(116, '2018', '3', 5233026, 12, 1),
(117, '2018', '3', 2515222, 12, 3),
(118, '2018', '3', 5030442, 12, 4),
(119, '2018', '4', 2515089, 12, 2),
(120, '2018', '4', 2515091, 12, 3),
(121, '2018', '4', 5030516, 12, 4),
(122, '2018', '5', 2515278, 12, 4),
(123, '2018', '1', 13113876, 13, 1),
(124, '2018', '1', 4668102, 13, 4),
(125, '2018', '2', 3566373, 13, 1),
(126, '2018', '2', 5372641, 13, 2),
(127, '2018', '3', 3250506, 13, 3),
(128, '2018', '3', 2515208, 13, 4),
(129, '2018', '4', 2515239, 13, 1),
(130, '2018', '4', 2515094, 13, 2),
(131, '2018', '4', 2515235, 13, 3),
(132, '2018', '5', 2515288, 13, 1),
(133, '2018', '5', 5030393, 13, 2),
(134, '2018', '5', 2515269, 13, 4),
(135, '2018', '1', 3946539, 14, 1),
(136, '2018', '1', 6387546, 14, 4),
(137, '2018', '2', 12874804, 14, 1),
(138, '2018', '2', 3030702, 14, 2),
(139, '2018', '2', 4847887, 14, 3),
(140, '2018', '2', 3853989, 14, 4),
(141, '2018', '4', 2515254, 14, 1),
(142, '2018', '4', 4128053, 14, 3),
(143, '2018', '4', 5030351, 14, 4),
(144, '2018', '5', 2515128, 14, 2),
(145, '2018', '5', 5030403, 14, 3),
(146, '2018', '5', 5030386, 14, 4),
(147, '2018', '1', 2515163, 15, 2),
(148, '2018', '3', 2515217, 15, 1),
(149, '2018', '3', 6203206, 15, 2),
(150, '2018', '3', 2515213, 15, 3),
(151, '2018', '3', 4909180, 15, 4),
(152, '2018', '4', 2515237, 15, 1),
(153, '2018', '4', 2515232, 15, 2),
(154, '2018', '4', 5030504, 15, 4),
(155, '2018', '5', 5030419, 15, 1),
(156, '2018', '5', 2515289, 15, 2),
(157, '2018', '1', 10060628, 16, 1),
(158, '2018', '1', 5030325, 16, 2),
(159, '2018', '1', 2515147, 16, 4),
(160, '2018', '2', 3891028, 16, 1),
(161, '2018', '2', 8728150, 16, 3),
(162, '2018', '3', 6773672, 16, 2),
(163, '2018', '3', 5030421, 16, 3),
(164, '2018', '4', 5030368, 16, 1),
(165, '2018', '4', 2515247, 16, 2),
(166, '2018', '4', 2515243, 16, 4),
(167, '2018', '5', 2515277, 16, 1),
(168, '2018', '5', 2515131, 16, 2),
(169, '2018', '5', 2515274, 16, 3),
(170, '2018', '2', 2505546, 17, 1),
(171, '2018', '2', 2515194, 17, 2),
(172, '2018', '2', 2515192, 17, 3),
(173, '2018', '4', 5030195, 17, 3),
(174, '2018', '4', 1406941, 17, 4),
(175, '2018', '1', 10151622, 18, 1),
(176, '2018', '1', 2294153, 18, 2),
(177, '2018', '2', 1292304, 18, 3),
(178, '2018', '3', 4971604, 18, 2),
(179, '2018', '3', 3105696, 18, 3),
(180, '2018', '4', 2515241, 18, 1),
(181, '2018', '4', 2515093, 18, 2),
(182, '2018', '4', 2515259, 18, 4),
(183, '2018', '5', 2515134, 18, 1),
(184, '2018', '5', 2515130, 18, 2),
(185, '2018', '5', 2515112, 18, 3),
(186, '2018', '1', 1995998, 19, 1),
(187, '2018', '1', 3530678, 19, 2),
(188, '2018', '1', 7545471, 19, 3),
(189, '2018', '1', 8205095, 19, 4),
(190, '2018', '2', 2515186, 19, 3),
(191, '2018', '2', 3504052, 19, 4),
(192, '2018', '3', 6824216, 19, 1),
(193, '2018', '3', 5030432, 19, 2),
(194, '2018', '4', 2515236, 19, 1),
(195, '2018', '5', 5030407, 19, 1),
(196, '2018', '5', 2515283, 19, 3),
(197, '2018', '1', 2973485, 20, 1),
(198, '2018', '1', 2515168, 20, 2),
(199, '2018', '1', 4613685, 20, 3),
(200, '2018', '1', 5427680, 20, 4),
(201, '2018', '2', 2515188, 20, 1),
(202, '2018', '2', 2515190, 20, 4),
(203, '2018', '3', 2683491, 20, 1),
(204, '2018', '3', 2730166, 20, 4),
(205, '2018', '4', 2515258, 20, 1),
(206, '2018', '4', 2515105, 20, 3),
(207, '2018', '4', 2515250, 20, 4),
(208, '2018', '5', 2515264, 20, 2),
(209, '2018', '5', 2515137, 20, 3),
(210, '2018', '5', 7545707, 20, 4);

-- --------------------------------------------------------

--
-- Estructura de tabla para la tabla `anuario_sector`
--

CREATE TABLE `anuario_sector` (
  `bindex_id` int(11) NOT NULL,
  `materiales_basicos` double NOT NULL,
  `servicio_comunicacion` double NOT NULL,
  `ciclico_consumidor` double NOT NULL,
  `defensa_consumidor` double NOT NULL,
  `energia` double NOT NULL,
  `servicios_financieros` double NOT NULL,
  `cuidado_salud` double NOT NULL,
  `acciones_industriales` double NOT NULL,
  `bienes_raices` double NOT NULL,
  `tecnologia` double NOT NULL,
  `utilidades` double NOT NULL,
  `portafolio_fecha` date NOT NULL
) ENGINE=InnoDB DEFAULT CHARSET=utf8 COLLATE=utf8_unicode_ci;

-- --------------------------------------------------------

--
-- Estructura de tabla para la tabla `anuario_tipoinstrumento`
--

CREATE TABLE `anuario_tipoinstrumento` (
  `id` varchar(15) COLLATE utf8_unicode_ci NOT NULL,
  `nombre` varchar(50) COLLATE utf8_unicode_ci NOT NULL
) ENGINE=InnoDB DEFAULT CHARSET=utf8 COLLATE=utf8_unicode_ci;

--
-- Volcado de datos para la tabla `anuario_tipoinstrumento`
--

INSERT INTO `anuario_tipoinstrumento` (`id`, `nombre`) VALUES
('1', 'FFMM Nacional'),
('2', 'FFMM Internacional');

-- --------------------------------------------------------

--
-- Estructura de tabla para la tabla `anuario_tipoinversion`
--

CREATE TABLE `anuario_tipoinversion` (
  `id` int(11) NOT NULL,
  `nombre` varchar(50) COLLATE utf8_unicode_ci NOT NULL
) ENGINE=InnoDB DEFAULT CHARSET=utf8 COLLATE=utf8_unicode_ci;

--
-- Volcado de datos para la tabla `anuario_tipoinversion`
--

INSERT INTO `anuario_tipoinversion` (`id`, `nombre`) VALUES
(1, 'APV'),
(2, 'Inversiones'),
(3, 'Cotizaciones Obligatorias'),
(4, 'Otros Activos');

-- --------------------------------------------------------

--
-- Estructura de tabla para la tabla `anuario_tipomovimiento`
--

CREATE TABLE `anuario_tipomovimiento` (
  `id` int(11) NOT NULL,
  `nombre` varchar(50) COLLATE utf8_unicode_ci NOT NULL
) ENGINE=InnoDB DEFAULT CHARSET=utf8 COLLATE=utf8_unicode_ci;

--
-- Volcado de datos para la tabla `anuario_tipomovimiento`
--

INSERT INTO `anuario_tipomovimiento` (`id`, `nombre`) VALUES
(1, 'saldo inicial'),
(2, 'aporte'),
(3, 'retiro');

-- --------------------------------------------------------

--
-- Estructura de tabla para la tabla `anuario_valorcuota`
--

CREATE TABLE `anuario_valorcuota` (
  `bindex_id` int(11) NOT NULL,
  `anio` varchar(50) COLLATE utf8_unicode_ci NOT NULL,
  `datos` longtext COLLATE utf8_unicode_ci NOT NULL
) ENGINE=InnoDB DEFAULT CHARSET=utf8 COLLATE=utf8_unicode_ci;

-- --------------------------------------------------------

--
-- Estructura de tabla para la tabla `auth_group`
--

CREATE TABLE `auth_group` (
  `id` int(11) NOT NULL,
  `name` varchar(80) COLLATE utf8_unicode_ci NOT NULL
) ENGINE=InnoDB DEFAULT CHARSET=utf8 COLLATE=utf8_unicode_ci;

-- --------------------------------------------------------

--
-- Estructura de tabla para la tabla `auth_group_permissions`
--

CREATE TABLE `auth_group_permissions` (
  `id` int(11) NOT NULL,
  `group_id` int(11) NOT NULL,
  `permission_id` int(11) NOT NULL
) ENGINE=InnoDB DEFAULT CHARSET=utf8 COLLATE=utf8_unicode_ci;

-- --------------------------------------------------------

--
-- Estructura de tabla para la tabla `auth_permission`
--

CREATE TABLE `auth_permission` (
  `id` int(11) NOT NULL,
  `name` varchar(255) COLLATE utf8_unicode_ci NOT NULL,
  `content_type_id` int(11) NOT NULL,
  `codename` varchar(100) COLLATE utf8_unicode_ci NOT NULL
) ENGINE=InnoDB DEFAULT CHARSET=utf8 COLLATE=utf8_unicode_ci;

--
-- Volcado de datos para la tabla `auth_permission`
--

INSERT INTO `auth_permission` (`id`, `name`, `content_type_id`, `codename`) VALUES
(1, 'Can add clase activo', 1, 'add_claseactivo'),
(2, 'Can change clase activo', 1, 'change_claseactivo'),
(3, 'Can delete clase activo', 1, 'delete_claseactivo'),
(4, 'Can add valor cuota', 2, 'add_valorcuota'),
(5, 'Can change valor cuota', 2, 'change_valorcuota'),
(6, 'Can delete valor cuota', 2, 'delete_valorcuota'),
(7, 'Can add cliente', 3, 'add_cliente'),
(8, 'Can change cliente', 3, 'change_cliente'),
(9, 'Can delete cliente', 3, 'delete_cliente'),
(10, 'Can add renta fija', 4, 'add_rentafija'),
(11, 'Can change renta fija', 4, 'change_rentafija'),
(12, 'Can delete renta fija', 4, 'delete_rentafija'),
(13, 'Can add moneda', 5, 'add_moneda'),
(14, 'Can change moneda', 5, 'change_moneda'),
(15, 'Can delete moneda', 5, 'delete_moneda'),
(16, 'Can add fondo', 6, 'add_fondo'),
(17, 'Can change fondo', 6, 'change_fondo'),
(18, 'Can delete fondo', 6, 'delete_fondo'),
(19, 'Can add tipo movimiento', 7, 'add_tipomovimiento'),
(20, 'Can change tipo movimiento', 7, 'change_tipomovimiento'),
(21, 'Can delete tipo movimiento', 7, 'delete_tipomovimiento'),
(22, 'Can add rendimiento', 8, 'add_rendimiento'),
(23, 'Can change rendimiento', 8, 'change_rendimiento'),
(24, 'Can delete rendimiento', 8, 'delete_rendimiento'),
(25, 'Can add saldo actualizado', 9, 'add_saldoactualizado'),
(26, 'Can change saldo actualizado', 9, 'change_saldoactualizado'),
(27, 'Can delete saldo actualizado', 9, 'delete_saldoactualizado'),
(28, 'Can add categoria', 10, 'add_categoria'),
(29, 'Can change categoria', 10, 'change_categoria'),
(30, 'Can delete categoria', 10, 'delete_categoria'),
(31, 'Can add sector', 11, 'add_sector'),
(32, 'Can change sector', 11, 'change_sector'),
(33, 'Can delete sector', 11, 'delete_sector'),
(34, 'Can add movimiento', 12, 'add_movimiento'),
(35, 'Can change movimiento', 12, 'change_movimiento'),
(36, 'Can delete movimiento', 12, 'delete_movimiento'),
(37, 'Can add pais', 13, 'add_pais'),
(38, 'Can change pais', 13, 'change_pais'),
(39, 'Can delete pais', 13, 'delete_pais'),
(40, 'Can add cartera cliente', 14, 'add_carteracliente'),
(41, 'Can change cartera cliente', 14, 'change_carteracliente'),
(42, 'Can delete cartera cliente', 14, 'delete_carteracliente'),
(43, 'Can add proveedor', 15, 'add_proveedor'),
(44, 'Can change proveedor', 15, 'change_proveedor'),
(45, 'Can delete proveedor', 15, 'delete_proveedor'),
(46, 'Can add bindex', 16, 'add_bindex'),
(47, 'Can change bindex', 16, 'change_bindex'),
(48, 'Can delete bindex', 16, 'delete_bindex'),
(49, 'Can add broad category', 17, 'add_broadcategory'),
(50, 'Can change broad category', 17, 'change_broadcategory'),
(51, 'Can delete broad category', 17, 'delete_broadcategory'),
(52, 'Can add asignacion activo', 18, 'add_asignacionactivo'),
(53, 'Can change asignacion activo', 18, 'change_asignacionactivo'),
(54, 'Can delete asignacion activo', 18, 'delete_asignacionactivo'),
(55, 'Can add frecuencia distribucion', 19, 'add_frecuenciadistribucion'),
(56, 'Can change frecuencia distribucion', 19, 'change_frecuenciadistribucion'),
(57, 'Can delete frecuencia distribucion', 19, 'delete_frecuenciadistribucion'),
(58, 'Can add tipo inversion', 20, 'add_tipoinversion'),
(59, 'Can change tipo inversion', 20, 'change_tipoinversion'),
(60, 'Can delete tipo inversion', 20, 'delete_tipoinversion'),
(61, 'Can add instrumento', 21, 'add_instrumento'),
(62, 'Can change instrumento', 21, 'change_instrumento'),
(63, 'Can delete instrumento', 21, 'delete_instrumento'),
(64, 'Can add branding', 22, 'add_branding'),
(65, 'Can change branding', 22, 'change_branding'),
(66, 'Can delete branding', 22, 'delete_branding'),
(67, 'Can add domicilio', 23, 'add_domicilio'),
(68, 'Can change domicilio', 23, 'change_domicilio'),
(69, 'Can delete domicilio', 23, 'delete_domicilio'),
(70, 'Can add tipo instrumento', 24, 'add_tipoinstrumento'),
(71, 'Can change tipo instrumento', 24, 'change_tipoinstrumento'),
(72, 'Can delete tipo instrumento', 24, 'delete_tipoinstrumento'),
(73, 'Can add saldo mensual', 25, 'add_saldomensual'),
(74, 'Can change saldo mensual', 25, 'change_saldomensual'),
(75, 'Can delete saldo mensual', 25, 'delete_saldomensual'),
(76, 'Can add log entry', 26, 'add_logentry'),
(77, 'Can change log entry', 26, 'change_logentry'),
(78, 'Can delete log entry', 26, 'delete_logentry'),
(79, 'Can add user', 27, 'add_user'),
(80, 'Can change user', 27, 'change_user'),
(81, 'Can delete user', 27, 'delete_user'),
(82, 'Can add group', 28, 'add_group'),
(83, 'Can change group', 28, 'change_group'),
(84, 'Can delete group', 28, 'delete_group'),
(85, 'Can add permission', 29, 'add_permission'),
(86, 'Can change permission', 29, 'change_permission'),
(87, 'Can delete permission', 29, 'delete_permission'),
(88, 'Can add content type', 30, 'add_contenttype'),
(89, 'Can change content type', 30, 'change_contenttype'),
(90, 'Can delete content type', 30, 'delete_contenttype'),
(91, 'Can add session', 31, 'add_session'),
(92, 'Can change session', 31, 'change_session'),
(93, 'Can delete session', 31, 'delete_session');

-- --------------------------------------------------------

--
-- Estructura de tabla para la tabla `auth_user`
--

CREATE TABLE `auth_user` (
  `id` int(11) NOT NULL,
  `password` varchar(128) COLLATE utf8_unicode_ci NOT NULL,
  `last_login` datetime(6) DEFAULT NULL,
  `is_superuser` tinyint(1) NOT NULL,
  `username` varchar(150) COLLATE utf8_unicode_ci NOT NULL,
  `first_name` varchar(30) COLLATE utf8_unicode_ci NOT NULL,
  `last_name` varchar(150) COLLATE utf8_unicode_ci NOT NULL,
  `email` varchar(254) COLLATE utf8_unicode_ci NOT NULL,
  `is_staff` tinyint(1) NOT NULL,
  `is_active` tinyint(1) NOT NULL,
  `date_joined` datetime(6) NOT NULL
) ENGINE=InnoDB DEFAULT CHARSET=utf8 COLLATE=utf8_unicode_ci;

--
-- Volcado de datos para la tabla `auth_user`
--

INSERT INTO `auth_user` (`id`, `password`, `last_login`, `is_superuser`, `username`, `first_name`, `last_name`, `email`, `is_staff`, `is_active`, `date_joined`) VALUES
(1, 'pbkdf2_sha256$100000$bczsdCXcvfhs$fXj6zlgV20YC05rUQvdxvEHehefVnmMiIP9LWBylE+k=', '2018-05-11 17:25:25.331824', 1, 'benjaminsc', '', '', 'benjamin.salazar17@gmail.com', 1, 1, '2018-05-11 17:24:54.493281');

-- --------------------------------------------------------

--
-- Estructura de tabla para la tabla `auth_user_groups`
--

CREATE TABLE `auth_user_groups` (
  `id` int(11) NOT NULL,
  `user_id` int(11) NOT NULL,
  `group_id` int(11) NOT NULL
) ENGINE=InnoDB DEFAULT CHARSET=utf8 COLLATE=utf8_unicode_ci;

-- --------------------------------------------------------

--
-- Estructura de tabla para la tabla `auth_user_user_permissions`
--

CREATE TABLE `auth_user_user_permissions` (
  `id` int(11) NOT NULL,
  `user_id` int(11) NOT NULL,
  `permission_id` int(11) NOT NULL
) ENGINE=InnoDB DEFAULT CHARSET=utf8 COLLATE=utf8_unicode_ci;

-- --------------------------------------------------------

--
-- Estructura de tabla para la tabla `django_admin_log`
--

CREATE TABLE `django_admin_log` (
  `id` int(11) NOT NULL,
  `action_time` datetime(6) NOT NULL,
  `object_id` longtext COLLATE utf8_unicode_ci,
  `object_repr` varchar(200) COLLATE utf8_unicode_ci NOT NULL,
  `action_flag` smallint(5) UNSIGNED NOT NULL,
  `change_message` longtext COLLATE utf8_unicode_ci NOT NULL,
  `content_type_id` int(11) DEFAULT NULL,
  `user_id` int(11) NOT NULL
) ENGINE=InnoDB DEFAULT CHARSET=utf8 COLLATE=utf8_unicode_ci;

-- --------------------------------------------------------

--
-- Estructura de tabla para la tabla `django_content_type`
--

CREATE TABLE `django_content_type` (
  `id` int(11) NOT NULL,
  `app_label` varchar(100) COLLATE utf8_unicode_ci NOT NULL,
  `model` varchar(100) COLLATE utf8_unicode_ci NOT NULL
) ENGINE=InnoDB DEFAULT CHARSET=utf8 COLLATE=utf8_unicode_ci;

--
-- Volcado de datos para la tabla `django_content_type`
--

INSERT INTO `django_content_type` (`id`, `app_label`, `model`) VALUES
(26, 'admin', 'logentry'),
(18, 'anuario', 'asignacionactivo'),
(16, 'anuario', 'bindex'),
(22, 'anuario', 'branding'),
(17, 'anuario', 'broadcategory'),
(14, 'anuario', 'carteracliente'),
(10, 'anuario', 'categoria'),
(1, 'anuario', 'claseactivo'),
(3, 'anuario', 'cliente'),
(23, 'anuario', 'domicilio'),
(6, 'anuario', 'fondo'),
(19, 'anuario', 'frecuenciadistribucion'),
(21, 'anuario', 'instrumento'),
(5, 'anuario', 'moneda'),
(12, 'anuario', 'movimiento'),
(13, 'anuario', 'pais'),
(15, 'anuario', 'proveedor'),
(8, 'anuario', 'rendimiento'),
(4, 'anuario', 'rentafija'),
(9, 'anuario', 'saldoactualizado'),
(25, 'anuario', 'saldomensual'),
(11, 'anuario', 'sector'),
(24, 'anuario', 'tipoinstrumento'),
(20, 'anuario', 'tipoinversion'),
(7, 'anuario', 'tipomovimiento'),
(2, 'anuario', 'valorcuota'),
(28, 'auth', 'group'),
(29, 'auth', 'permission'),
(27, 'auth', 'user'),
(30, 'contenttypes', 'contenttype'),
(31, 'sessions', 'session');

-- --------------------------------------------------------

--
-- Estructura de tabla para la tabla `django_migrations`
--

CREATE TABLE `django_migrations` (
  `id` int(11) NOT NULL,
  `app` varchar(255) COLLATE utf8_unicode_ci NOT NULL,
  `name` varchar(255) COLLATE utf8_unicode_ci NOT NULL,
  `applied` datetime(6) NOT NULL
) ENGINE=InnoDB DEFAULT CHARSET=utf8 COLLATE=utf8_unicode_ci;

--
-- Volcado de datos para la tabla `django_migrations`
--

INSERT INTO `django_migrations` (`id`, `app`, `name`, `applied`) VALUES
(1, 'contenttypes', '0001_initial', '2018-05-11 04:17:08.242922'),
(2, 'auth', '0001_initial', '2018-05-11 04:17:17.479706'),
(3, 'admin', '0001_initial', '2018-05-11 04:17:19.506677'),
(4, 'admin', '0002_logentry_remove_auto_add', '2018-05-11 04:17:19.547425'),
(5, 'anuario', '0001_initial', '2018-05-11 04:18:02.612369'),
(6, 'anuario', '0002_remove_cliente_tipoinversion', '2018-05-11 04:18:03.215637'),
(7, 'anuario', '0003_auto_20180510_1606', '2018-05-11 04:18:03.943232'),
(8, 'anuario', '0004_remove_categoria_codigo', '2018-05-11 04:18:04.589479'),
(9, 'contenttypes', '0002_remove_content_type_name', '2018-05-11 04:18:05.937275'),
(10, 'auth', '0002_alter_permission_name_max_length', '2018-05-11 04:18:06.809319'),
(11, 'auth', '0003_alter_user_email_max_length', '2018-05-11 04:18:08.357572'),
(12, 'auth', '0004_alter_user_username_opts', '2018-05-11 04:18:08.397087'),
(13, 'auth', '0005_alter_user_last_login_null', '2018-05-11 04:18:08.851368'),
(14, 'auth', '0006_require_contenttypes_0002', '2018-05-11 04:18:08.893354'),
(15, 'auth', '0007_alter_validators_add_error_messages', '2018-05-11 04:18:08.932749'),
(16, 'auth', '0008_alter_user_username_max_length', '2018-05-11 04:18:10.803076'),
(17, 'auth', '0009_alter_user_last_name_max_length', '2018-05-11 04:18:11.673821'),
(18, 'sessions', '0001_initial', '2018-05-11 04:18:12.469932');

-- --------------------------------------------------------

--
-- Estructura de tabla para la tabla `django_session`
--

CREATE TABLE `django_session` (
  `session_key` varchar(40) COLLATE utf8_unicode_ci NOT NULL,
  `session_data` longtext COLLATE utf8_unicode_ci NOT NULL,
  `expire_date` datetime(6) NOT NULL
) ENGINE=InnoDB DEFAULT CHARSET=utf8 COLLATE=utf8_unicode_ci;

--
-- Volcado de datos para la tabla `django_session`
--

INSERT INTO `django_session` (`session_key`, `session_data`, `expire_date`) VALUES
('j4n6wsqjuinbhyj0id4ee0lvgy2it705', 'MWU3OWFkNDgzMmUzZTI0NDk4NWNiMTZjNzZlZTZlNmE3M2U0ZGYxOTp7Il9hdXRoX3VzZXJfaGFzaCI6ImI0YmZkODZiNmU4Yzk4ZDc1OGQwNjRiNWY4Zjc2NTczYTFhMDAzMTQiLCJfYXV0aF91c2VyX2JhY2tlbmQiOiJkamFuZ28uY29udHJpYi5hdXRoLmJhY2tlbmRzLk1vZGVsQmFja2VuZCIsIl9hdXRoX3VzZXJfaWQiOiIxIn0=', '2018-05-25 17:25:25.422081');

--
-- Índices para tablas volcadas
--

--
-- Indices de la tabla `anuario_asignacionactivo`
--
ALTER TABLE `anuario_asignacionactivo`
  ADD PRIMARY KEY (`bindex_id`);

--
-- Indices de la tabla `anuario_bindex`
--
ALTER TABLE `anuario_bindex`
  ADD PRIMARY KEY (`id`);

--
-- Indices de la tabla `anuario_branding`
--
ALTER TABLE `anuario_branding`
  ADD PRIMARY KEY (`id`);

--
-- Indices de la tabla `anuario_broadcategory`
--
ALTER TABLE `anuario_broadcategory`
  ADD PRIMARY KEY (`id`);

--
-- Indices de la tabla `anuario_carteracliente`
--
ALTER TABLE `anuario_carteracliente`
  ADD PRIMARY KEY (`id`),
  ADD KEY `anuario_carteracliente_bindex_id_8895a68e_fk_anuario_bindex_id` (`bindex_id`),
  ADD KEY `anuario_carteracliente_cliente_id_612d39cf_fk_anuario_cliente_id` (`cliente_id`),
  ADD KEY `anuario_carteraclien_tipoInversion_id_0d4a7a5f_fk_anuario_t` (`tipoInversion_id`);

--
-- Indices de la tabla `anuario_categoria`
--
ALTER TABLE `anuario_categoria`
  ADD PRIMARY KEY (`id`),
  ADD KEY `anuario_categoria_broadCategory_id_e748180a_fk_anuario_b` (`broadCategory_id`),
  ADD KEY `anuario_categoria_moneda_id_aac5227f_fk_anuario_moneda_id` (`moneda_id`);

--
-- Indices de la tabla `anuario_claseactivo`
--
ALTER TABLE `anuario_claseactivo`
  ADD PRIMARY KEY (`bindex_id`);

--
-- Indices de la tabla `anuario_cliente`
--
ALTER TABLE `anuario_cliente`
  ADD PRIMARY KEY (`id`);

--
-- Indices de la tabla `anuario_domicilio`
--
ALTER TABLE `anuario_domicilio`
  ADD PRIMARY KEY (`id`);

--
-- Indices de la tabla `anuario_fondo`
--
ALTER TABLE `anuario_fondo`
  ADD PRIMARY KEY (`id`),
  ADD KEY `anuario_fondo_categoria_id_ca151073_fk_anuario_categoria_id` (`categoria_id`),
  ADD KEY `anuario_fondo_domicilio_id_520d51df_fk_anuario_domicilio_id` (`domicilio_id`),
  ADD KEY `anuario_fondo_moneda_id_0b19afe0_fk_anuario_moneda_id` (`moneda_id`);

--
-- Indices de la tabla `anuario_frecuenciadistribucion`
--
ALTER TABLE `anuario_frecuenciadistribucion`
  ADD PRIMARY KEY (`id`);

--
-- Indices de la tabla `anuario_instrumento`
--
ALTER TABLE `anuario_instrumento`
  ADD PRIMARY KEY (`bindex_id`),
  ADD KEY `anuario_instrumento_branding_id_37449f90_fk_anuario_branding_id` (`branding_id`),
  ADD KEY `anuario_instrumento_fondo_id_686af8ba_fk_anuario_fondo_id` (`fondo_id`),
  ADD KEY `anuario_instrumento_frecuenciaDistribuci_0dd3872e_fk_anuario_f` (`frecuenciaDistribucion_id`),
  ADD KEY `anuario_instrumento_proveedor_id_25ed6ac6_fk_anuario_p` (`proveedor_id`),
  ADD KEY `anuario_instrumento_rendimiento_id_734f999d_fk_anuario_r` (`rendimiento_id`),
  ADD KEY `anuario_instrumento_tipoInstrumento_id_0507c0c9_fk_anuario_t` (`tipoInstrumento_id`);

--
-- Indices de la tabla `anuario_moneda`
--
ALTER TABLE `anuario_moneda`
  ADD PRIMARY KEY (`id`);

--
-- Indices de la tabla `anuario_movimiento`
--
ALTER TABLE `anuario_movimiento`
  ADD PRIMARY KEY (`id`),
  ADD KEY `anuario_movimiento_bindex_id_c55b48c6_fk_anuario_bindex_id` (`bindex_id`),
  ADD KEY `anuario_movimiento_cliente_id_f1f7c1af_fk_anuario_cliente_id` (`cliente_id`),
  ADD KEY `anuario_movimiento_tipoInversion_id_e8cf84d0_fk_anuario_t` (`tipoInversion_id`),
  ADD KEY `anuario_movimiento_tipoMovimiento_id_dd55e113_fk_anuario_t` (`tipoMovimiento_id`);

--
-- Indices de la tabla `anuario_pais`
--
ALTER TABLE `anuario_pais`
  ADD PRIMARY KEY (`id`);

--
-- Indices de la tabla `anuario_proveedor`
--
ALTER TABLE `anuario_proveedor`
  ADD PRIMARY KEY (`id`);

--
-- Indices de la tabla `anuario_rendimiento`
--
ALTER TABLE `anuario_rendimiento`
  ADD PRIMARY KEY (`id`);

--
-- Indices de la tabla `anuario_rentafija`
--
ALTER TABLE `anuario_rentafija`
  ADD PRIMARY KEY (`bindex_id`);

--
-- Indices de la tabla `anuario_saldoactualizado`
--
ALTER TABLE `anuario_saldoactualizado`
  ADD PRIMARY KEY (`id`),
  ADD KEY `anuario_saldoactualizado_bindex_id_bb408a8c_fk_anuario_bindex_id` (`bindex_id`),
  ADD KEY `anuario_saldoactuali_cliente_id_85b3174f_fk_anuario_c` (`cliente_id`),
  ADD KEY `anuario_saldoactuali_tipoInversion_id_53336641_fk_anuario_t` (`tipoInversion_id`);

--
-- Indices de la tabla `anuario_saldomensual`
--
ALTER TABLE `anuario_saldomensual`
  ADD PRIMARY KEY (`id`),
  ADD KEY `anuario_saldomensual_cliente_id_cca09015_fk_anuario_cliente_id` (`cliente_id`),
  ADD KEY `anuario_saldomensual_tipoInversion_id_be62c960_fk_anuario_t` (`tipoInversion_id`);

--
-- Indices de la tabla `anuario_sector`
--
ALTER TABLE `anuario_sector`
  ADD PRIMARY KEY (`bindex_id`);

--
-- Indices de la tabla `anuario_tipoinstrumento`
--
ALTER TABLE `anuario_tipoinstrumento`
  ADD PRIMARY KEY (`id`);

--
-- Indices de la tabla `anuario_tipoinversion`
--
ALTER TABLE `anuario_tipoinversion`
  ADD PRIMARY KEY (`id`);

--
-- Indices de la tabla `anuario_tipomovimiento`
--
ALTER TABLE `anuario_tipomovimiento`
  ADD PRIMARY KEY (`id`);

--
-- Indices de la tabla `anuario_valorcuota`
--
ALTER TABLE `anuario_valorcuota`
  ADD PRIMARY KEY (`bindex_id`);

--
-- Indices de la tabla `auth_group`
--
ALTER TABLE `auth_group`
  ADD PRIMARY KEY (`id`),
  ADD UNIQUE KEY `name` (`name`);

--
-- Indices de la tabla `auth_group_permissions`
--
ALTER TABLE `auth_group_permissions`
  ADD PRIMARY KEY (`id`),
  ADD UNIQUE KEY `auth_group_permissions_group_id_permission_id_0cd325b0_uniq` (`group_id`,`permission_id`),
  ADD KEY `auth_group_permissio_permission_id_84c5c92e_fk_auth_perm` (`permission_id`);

--
-- Indices de la tabla `auth_permission`
--
ALTER TABLE `auth_permission`
  ADD PRIMARY KEY (`id`),
  ADD UNIQUE KEY `auth_permission_content_type_id_codename_01ab375a_uniq` (`content_type_id`,`codename`);

--
-- Indices de la tabla `auth_user`
--
ALTER TABLE `auth_user`
  ADD PRIMARY KEY (`id`),
  ADD UNIQUE KEY `username` (`username`);

--
-- Indices de la tabla `auth_user_groups`
--
ALTER TABLE `auth_user_groups`
  ADD PRIMARY KEY (`id`),
  ADD UNIQUE KEY `auth_user_groups_user_id_group_id_94350c0c_uniq` (`user_id`,`group_id`),
  ADD KEY `auth_user_groups_group_id_97559544_fk_auth_group_id` (`group_id`);

--
-- Indices de la tabla `auth_user_user_permissions`
--
ALTER TABLE `auth_user_user_permissions`
  ADD PRIMARY KEY (`id`),
  ADD UNIQUE KEY `auth_user_user_permissions_user_id_permission_id_14a6b632_uniq` (`user_id`,`permission_id`),
  ADD KEY `auth_user_user_permi_permission_id_1fbb5f2c_fk_auth_perm` (`permission_id`);

--
-- Indices de la tabla `django_admin_log`
--
ALTER TABLE `django_admin_log`
  ADD PRIMARY KEY (`id`),
  ADD KEY `django_admin_log_content_type_id_c4bce8eb_fk_django_co` (`content_type_id`),
  ADD KEY `django_admin_log_user_id_c564eba6_fk` (`user_id`);

--
-- Indices de la tabla `django_content_type`
--
ALTER TABLE `django_content_type`
  ADD PRIMARY KEY (`id`),
  ADD UNIQUE KEY `django_content_type_app_label_model_76bd3d3b_uniq` (`app_label`,`model`);

--
-- Indices de la tabla `django_migrations`
--
ALTER TABLE `django_migrations`
  ADD PRIMARY KEY (`id`);

--
-- Indices de la tabla `django_session`
--
ALTER TABLE `django_session`
  ADD PRIMARY KEY (`session_key`),
  ADD KEY `django_session_expire_date_a5c62663` (`expire_date`);

--
-- AUTO_INCREMENT de las tablas volcadas
--

--
-- AUTO_INCREMENT de la tabla `anuario_bindex`
--
ALTER TABLE `anuario_bindex`
  MODIFY `id` int(11) NOT NULL AUTO_INCREMENT, AUTO_INCREMENT=2492;

--
-- AUTO_INCREMENT de la tabla `anuario_carteracliente`
--
ALTER TABLE `anuario_carteracliente`
  MODIFY `id` int(11) NOT NULL AUTO_INCREMENT;

--
-- AUTO_INCREMENT de la tabla `anuario_cliente`
--
ALTER TABLE `anuario_cliente`
  MODIFY `id` int(11) NOT NULL AUTO_INCREMENT, AUTO_INCREMENT=21;

--
-- AUTO_INCREMENT de la tabla `anuario_frecuenciadistribucion`
--
ALTER TABLE `anuario_frecuenciadistribucion`
  MODIFY `id` int(11) NOT NULL AUTO_INCREMENT, AUTO_INCREMENT=3;

--
-- AUTO_INCREMENT de la tabla `anuario_movimiento`
--
ALTER TABLE `anuario_movimiento`
  MODIFY `id` int(11) NOT NULL AUTO_INCREMENT;

--
-- AUTO_INCREMENT de la tabla `anuario_saldoactualizado`
--
ALTER TABLE `anuario_saldoactualizado`
  MODIFY `id` int(11) NOT NULL AUTO_INCREMENT, AUTO_INCREMENT=301;

--
-- AUTO_INCREMENT de la tabla `anuario_saldomensual`
--
ALTER TABLE `anuario_saldomensual`
  MODIFY `id` int(11) NOT NULL AUTO_INCREMENT, AUTO_INCREMENT=211;

--
-- AUTO_INCREMENT de la tabla `anuario_tipoinversion`
--
ALTER TABLE `anuario_tipoinversion`
  MODIFY `id` int(11) NOT NULL AUTO_INCREMENT, AUTO_INCREMENT=5;

--
-- AUTO_INCREMENT de la tabla `anuario_tipomovimiento`
--
ALTER TABLE `anuario_tipomovimiento`
  MODIFY `id` int(11) NOT NULL AUTO_INCREMENT, AUTO_INCREMENT=4;

--
-- AUTO_INCREMENT de la tabla `auth_group`
--
ALTER TABLE `auth_group`
  MODIFY `id` int(11) NOT NULL AUTO_INCREMENT;

--
-- AUTO_INCREMENT de la tabla `auth_group_permissions`
--
ALTER TABLE `auth_group_permissions`
  MODIFY `id` int(11) NOT NULL AUTO_INCREMENT;

--
-- AUTO_INCREMENT de la tabla `auth_permission`
--
ALTER TABLE `auth_permission`
  MODIFY `id` int(11) NOT NULL AUTO_INCREMENT, AUTO_INCREMENT=94;

--
-- AUTO_INCREMENT de la tabla `auth_user`
--
ALTER TABLE `auth_user`
  MODIFY `id` int(11) NOT NULL AUTO_INCREMENT, AUTO_INCREMENT=2;

--
-- AUTO_INCREMENT de la tabla `auth_user_groups`
--
ALTER TABLE `auth_user_groups`
  MODIFY `id` int(11) NOT NULL AUTO_INCREMENT;

--
-- AUTO_INCREMENT de la tabla `auth_user_user_permissions`
--
ALTER TABLE `auth_user_user_permissions`
  MODIFY `id` int(11) NOT NULL AUTO_INCREMENT;

--
-- AUTO_INCREMENT de la tabla `django_admin_log`
--
ALTER TABLE `django_admin_log`
  MODIFY `id` int(11) NOT NULL AUTO_INCREMENT;

--
-- AUTO_INCREMENT de la tabla `django_content_type`
--
ALTER TABLE `django_content_type`
  MODIFY `id` int(11) NOT NULL AUTO_INCREMENT, AUTO_INCREMENT=32;

--
-- AUTO_INCREMENT de la tabla `django_migrations`
--
ALTER TABLE `django_migrations`
  MODIFY `id` int(11) NOT NULL AUTO_INCREMENT, AUTO_INCREMENT=19;

--
-- Restricciones para tablas volcadas
--

--
-- Filtros para la tabla `anuario_asignacionactivo`
--
ALTER TABLE `anuario_asignacionactivo`
  ADD CONSTRAINT `anuario_asignacionactivo_bindex_id_f7bd5cae_fk_anuario_bindex_id` FOREIGN KEY (`bindex_id`) REFERENCES `anuario_bindex` (`id`);

--
-- Filtros para la tabla `anuario_carteracliente`
--
ALTER TABLE `anuario_carteracliente`
  ADD CONSTRAINT `anuario_carteraclien_tipoInversion_id_0d4a7a5f_fk_anuario_t` FOREIGN KEY (`tipoInversion_id`) REFERENCES `anuario_tipoinversion` (`id`),
  ADD CONSTRAINT `anuario_carteracliente_bindex_id_8895a68e_fk_anuario_bindex_id` FOREIGN KEY (`bindex_id`) REFERENCES `anuario_bindex` (`id`),
  ADD CONSTRAINT `anuario_carteracliente_cliente_id_612d39cf_fk_anuario_cliente_id` FOREIGN KEY (`cliente_id`) REFERENCES `anuario_cliente` (`id`);

--
-- Filtros para la tabla `anuario_categoria`
--
ALTER TABLE `anuario_categoria`
  ADD CONSTRAINT `anuario_categoria_broadCategory_id_e748180a_fk_anuario_b` FOREIGN KEY (`broadCategory_id`) REFERENCES `anuario_broadcategory` (`id`),
  ADD CONSTRAINT `anuario_categoria_moneda_id_aac5227f_fk_anuario_moneda_id` FOREIGN KEY (`moneda_id`) REFERENCES `anuario_moneda` (`id`);

--
-- Filtros para la tabla `anuario_claseactivo`
--
ALTER TABLE `anuario_claseactivo`
  ADD CONSTRAINT `anuario_claseactivo_bindex_id_ccb59e40_fk_anuario_bindex_id` FOREIGN KEY (`bindex_id`) REFERENCES `anuario_bindex` (`id`);

--
-- Filtros para la tabla `anuario_fondo`
--
ALTER TABLE `anuario_fondo`
  ADD CONSTRAINT `anuario_fondo_categoria_id_ca151073_fk_anuario_categoria_id` FOREIGN KEY (`categoria_id`) REFERENCES `anuario_categoria` (`id`),
  ADD CONSTRAINT `anuario_fondo_domicilio_id_520d51df_fk_anuario_domicilio_id` FOREIGN KEY (`domicilio_id`) REFERENCES `anuario_domicilio` (`id`),
  ADD CONSTRAINT `anuario_fondo_moneda_id_0b19afe0_fk_anuario_moneda_id` FOREIGN KEY (`moneda_id`) REFERENCES `anuario_moneda` (`id`);

--
-- Filtros para la tabla `anuario_instrumento`
--
ALTER TABLE `anuario_instrumento`
  ADD CONSTRAINT `anuario_instrumento_bindex_id_ff5dc1d3_fk_anuario_bindex_id` FOREIGN KEY (`bindex_id`) REFERENCES `anuario_bindex` (`id`),
  ADD CONSTRAINT `anuario_instrumento_branding_id_37449f90_fk_anuario_branding_id` FOREIGN KEY (`branding_id`) REFERENCES `anuario_branding` (`id`),
  ADD CONSTRAINT `anuario_instrumento_fondo_id_686af8ba_fk_anuario_fondo_id` FOREIGN KEY (`fondo_id`) REFERENCES `anuario_fondo` (`id`),
  ADD CONSTRAINT `anuario_instrumento_frecuenciaDistribuci_0dd3872e_fk_anuario_f` FOREIGN KEY (`frecuenciaDistribucion_id`) REFERENCES `anuario_frecuenciadistribucion` (`id`),
  ADD CONSTRAINT `anuario_instrumento_proveedor_id_25ed6ac6_fk_anuario_p` FOREIGN KEY (`proveedor_id`) REFERENCES `anuario_proveedor` (`id`),
  ADD CONSTRAINT `anuario_instrumento_rendimiento_id_734f999d_fk_anuario_r` FOREIGN KEY (`rendimiento_id`) REFERENCES `anuario_rendimiento` (`id`),
  ADD CONSTRAINT `anuario_instrumento_tipoInstrumento_id_0507c0c9_fk_anuario_t` FOREIGN KEY (`tipoInstrumento_id`) REFERENCES `anuario_tipoinstrumento` (`id`);

--
-- Filtros para la tabla `anuario_movimiento`
--
ALTER TABLE `anuario_movimiento`
  ADD CONSTRAINT `anuario_movimiento_bindex_id_c55b48c6_fk_anuario_bindex_id` FOREIGN KEY (`bindex_id`) REFERENCES `anuario_bindex` (`id`),
  ADD CONSTRAINT `anuario_movimiento_cliente_id_f1f7c1af_fk_anuario_cliente_id` FOREIGN KEY (`cliente_id`) REFERENCES `anuario_cliente` (`id`),
  ADD CONSTRAINT `anuario_movimiento_tipoInversion_id_e8cf84d0_fk_anuario_t` FOREIGN KEY (`tipoInversion_id`) REFERENCES `anuario_tipoinversion` (`id`),
  ADD CONSTRAINT `anuario_movimiento_tipoMovimiento_id_dd55e113_fk_anuario_t` FOREIGN KEY (`tipoMovimiento_id`) REFERENCES `anuario_tipomovimiento` (`id`);

--
-- Filtros para la tabla `anuario_rentafija`
--
ALTER TABLE `anuario_rentafija`
  ADD CONSTRAINT `anuario_rentafija_bindex_id_4fa6dedb_fk_anuario_bindex_id` FOREIGN KEY (`bindex_id`) REFERENCES `anuario_bindex` (`id`);

--
-- Filtros para la tabla `anuario_saldoactualizado`
--
ALTER TABLE `anuario_saldoactualizado`
  ADD CONSTRAINT `anuario_saldoactuali_cliente_id_85b3174f_fk_anuario_c` FOREIGN KEY (`cliente_id`) REFERENCES `anuario_cliente` (`id`),
  ADD CONSTRAINT `anuario_saldoactuali_tipoInversion_id_53336641_fk_anuario_t` FOREIGN KEY (`tipoInversion_id`) REFERENCES `anuario_tipoinversion` (`id`),
  ADD CONSTRAINT `anuario_saldoactualizado_bindex_id_bb408a8c_fk_anuario_bindex_id` FOREIGN KEY (`bindex_id`) REFERENCES `anuario_bindex` (`id`);

--
-- Filtros para la tabla `anuario_saldomensual`
--
ALTER TABLE `anuario_saldomensual`
  ADD CONSTRAINT `anuario_saldomensual_cliente_id_cca09015_fk_anuario_cliente_id` FOREIGN KEY (`cliente_id`) REFERENCES `anuario_cliente` (`id`),
  ADD CONSTRAINT `anuario_saldomensual_tipoInversion_id_be62c960_fk_anuario_t` FOREIGN KEY (`tipoInversion_id`) REFERENCES `anuario_tipoinversion` (`id`);

--
-- Filtros para la tabla `anuario_sector`
--
ALTER TABLE `anuario_sector`
  ADD CONSTRAINT `anuario_sector_bindex_id_079b0df3_fk_anuario_bindex_id` FOREIGN KEY (`bindex_id`) REFERENCES `anuario_bindex` (`id`);

--
-- Filtros para la tabla `anuario_valorcuota`
--
ALTER TABLE `anuario_valorcuota`
  ADD CONSTRAINT `anuario_valorcuota_bindex_id_33204bb9_fk_anuario_bindex_id` FOREIGN KEY (`bindex_id`) REFERENCES `anuario_bindex` (`id`);

--
-- Filtros para la tabla `auth_group_permissions`
--
ALTER TABLE `auth_group_permissions`
  ADD CONSTRAINT `auth_group_permissio_permission_id_84c5c92e_fk_auth_perm` FOREIGN KEY (`permission_id`) REFERENCES `auth_permission` (`id`),
  ADD CONSTRAINT `auth_group_permissions_group_id_b120cbf9_fk_auth_group_id` FOREIGN KEY (`group_id`) REFERENCES `auth_group` (`id`);

--
-- Filtros para la tabla `auth_permission`
--
ALTER TABLE `auth_permission`
  ADD CONSTRAINT `auth_permission_content_type_id_2f476e4b_fk_django_co` FOREIGN KEY (`content_type_id`) REFERENCES `django_content_type` (`id`);

--
-- Filtros para la tabla `auth_user_groups`
--
ALTER TABLE `auth_user_groups`
  ADD CONSTRAINT `auth_user_groups_group_id_97559544_fk_auth_group_id` FOREIGN KEY (`group_id`) REFERENCES `auth_group` (`id`),
  ADD CONSTRAINT `auth_user_groups_user_id_6a12ed8b_fk_auth_user_id` FOREIGN KEY (`user_id`) REFERENCES `auth_user` (`id`);

--
-- Filtros para la tabla `auth_user_user_permissions`
--
ALTER TABLE `auth_user_user_permissions`
  ADD CONSTRAINT `auth_user_user_permi_permission_id_1fbb5f2c_fk_auth_perm` FOREIGN KEY (`permission_id`) REFERENCES `auth_permission` (`id`),
  ADD CONSTRAINT `auth_user_user_permissions_user_id_a95ead1b_fk_auth_user_id` FOREIGN KEY (`user_id`) REFERENCES `auth_user` (`id`);

--
-- Filtros para la tabla `django_admin_log`
--
ALTER TABLE `django_admin_log`
  ADD CONSTRAINT `django_admin_log_content_type_id_c4bce8eb_fk_django_co` FOREIGN KEY (`content_type_id`) REFERENCES `django_content_type` (`id`),
  ADD CONSTRAINT `django_admin_log_user_id_c564eba6_fk` FOREIGN KEY (`user_id`) REFERENCES `auth_user` (`id`);
COMMIT;

/*!40101 SET CHARACTER_SET_CLIENT=@OLD_CHARACTER_SET_CLIENT */;
/*!40101 SET CHARACTER_SET_RESULTS=@OLD_CHARACTER_SET_RESULTS */;
/*!40101 SET COLLATION_CONNECTION=@OLD_COLLATION_CONNECTION */;
